Position;Timestamp;Date;Hour;Part Number;Object Name;Location Name;Sin;Address;Com Port;Group;Type;A L1 [A];A L2 [A];A L3 [A];An [A];Run Hour Meter [h];Run Hour Meter (-) [h];Hz [Hz];PF L1;PF L2;PF L3;PF sys;Phase sequence;THD A L1 [%];THD A L2 [%];THD A L3 [%];THD V L1-N [%];THD V L2-N [%];THD V L3-N [%];V L1-L2 [V];V L1-N [V];V L2-L3 [V];V L2-N [V];V L3-L1 [V];V L3-N [V];V L-L sys [V];V L-N sys [V];kVA L1 [kVA];kVA L2 [kVA];kVA L3 [kVA];kVA sys [kVA];kWh AC [kWh];kWh (-) AC [kWh];kW L1 [kW];kW L2 [kW];kW L3 [kW];kW sys [kW];kvarh [kvarh];kvar L1 [kvar];kvar L2 [kvar];kvar L3 [kvar];kvar sys [kvar],col_Position;Timestamp;Date;Hour;Part Number;Object Name;Location Name;Sin;Address;Com Port;Group;Type;A L1 [A];A L2 [A];A L3 [A];An [A];Run Hour Meter [h];Run Hour Meter (-) [h];Hz [Hz];PF L1;PF L2;PF L3;PF sys;Phase sequence;THD A L1 [%];THD A L2 [%];THD A L3 [%];THD V L1-N [%];THD V L2-N [%];THD V L3-N [%];V L1-L2 [V];V L1-N [V];V L2-L3 [V];V L2-N [V];V L3-L1 [V];V L3-N [V];V L-L sys [V];V L-N sys [V];kVA L1 [kVA];kVA L2 [kVA];kVA L3 [kVA];kVA sys [kVA];kWh AC [kWh];kWh (-) AC [kWh];kW L1 [kW];kW L2 [kW];kW L3 [kW];kW sys [kW];kvarh [kvarh];kvar L1 [kvar];kvar L2 [kvar];kvar L3 [kvar];kvar sys [kvar]
"1;1713956700;24/04/2024;13:05:00;""EM210-MODBUS-ESTANDAR--3P"";""GENERAL"";""GENERAL"";""NULL"";""1"";""COM 2"";""GENERAL"";""AVG"";""46,589"";""40,955"";""35,977"";""18,432"";""NULL"";""NULL"";""50,0"";""0,962"";""0,973"";""0,963"";""0,967"";""-1,000000"";""18,2"";""19,8"";""19,8"";""3,4"";""3,2"";""3,0"";""390,6"";""225,0"";""394,5"";""226,1"";""392,4"";""228,6"";""392,3"";""226,5"";""10,4787"";""9,2914"";""8,2337"";""27,9613"";""NULL"";""NULL"";""10,1008"";""9,0235"";""7,9415"";""27,0533"";""NULL"";""-2,8095"";""-2,0888"";""-2,1546"";""-7,0484""",NA
"2;1713956700;24/04/2024;13:05:00;""EM210-MODBUS-ESTANDAR--3P"";""GENERAL"";""GENERAL"";""NULL"";""1"";""COM 2"";""GENERAL"";""CNT"";""NULL"";""NULL"";""NULL"";""NULL"";""22850,43"";""0,00"";""NULL"";""NULL"";""NULL"";""NULL"";""NULL"";""NULL"";""NULL"";""NULL"";""NULL"";""NULL"";""NULL"";""NULL"";""NULL"";""NULL"";""NULL"";""NULL"";""NULL"";""NULL"";""NULL"";""NULL"";""NULL"";""NULL"";""NULL"";""NULL"";""506321,6000"";""0,0000"";""NULL"";""NULL"";""NULL"";""NULL"";""19235,4000"";""NULL"";""NULL"";""NULL"";""NULL""",NA
"3;1713957000;24/04/2024;13:10:00;""EM210-MODBUS-ESTANDAR--3P"";""GENERAL"";""GENERAL"";""NULL"";""1"";""COM 2"";""GENERAL"";""AVG"";""46,400"";""35,076"";""37,389"";""16,025"";""NULL"";""NULL"";""50,0"";""0,959"";""0,954"";""0,970"";""0,962"";""-1,000000"";""19,2"";""23,9"";""20,1"";""3,8"";""3,6"";""3,3"";""395,4"";""227,5"";""398,7"";""229,4"";""396,9"";""231,0"";""397,0"";""229,3"";""10,5726"";""8,0451"";""8,6519"";""27,2398"";""NULL"";""NULL"";""10,1286"";""7,6917"";""8,3883"";""26,2252"";""NULL"";""-2,9658"";""-2,3774"";""-1,9788"";""-7,3371""",NA
"4;1713957000;24/04/2024;13:10:00;""EM210-MODBUS-ESTANDAR--3P"";""GENERAL"";""GENERAL"";""NULL"";""1"";""COM 2"";""GENERAL"";""CNT"";""NULL"";""NULL"";""NULL"";""NULL"";""22850,52"";""0,00"";""NULL"";""NULL"";""NULL"";""NULL"";""NULL"";""NULL"";""NULL"";""NULL"";""NULL"";""NULL"";""NULL"";""NULL"";""NULL"";""NULL"";""NULL"";""NULL"";""NULL"";""NULL"";""NULL"";""NULL"";""NULL"";""NULL"";""NULL"";""NULL"";""506323,8000"";""0,0000"";""NULL"";""NULL"";""NULL"";""NULL"";""19235,4000"";""NULL"";""NULL"";""NULL"";""NULL""",NA
"5;1713957300;24/04/2024;13:15:00;""EM210-MODBUS-ESTANDAR--3P"";""GENERAL"";""GENERAL"";""NULL"";""1"";""COM 2"";""GENERAL"";""AVG"";""45,769"";""38,015"";""35,609"";""16,687"";""NULL"";""NULL"";""50,0"";""0,958"";""0,961"";""0,964"";""0,964"";""-1,000000"";""18,3"";""21,8"";""20,2"";""3,2"";""3,1"";""2,9"";""404,4"";""232,6"";""407,8"";""234,2"";""405,7"";""236,5"";""405,9"";""234,4"";""10,6517"";""8,9045"";""8,4334"";""27,9183"";""NULL"";""NULL"";""10,2187"";""8,5827"";""8,1315"";""26,9361"";""NULL"";""-2,9885"";""-2,3467"";""-1,9252"";""-7,2662""",NA
"6;1713957300;24/04/2024;13:15:00;""EM210-MODBUS-ESTANDAR--3P"";""GENERAL"";""GENERAL"";""NULL"";""1"";""COM 2"";""GENERAL"";""CNT"";""NULL"";""NULL"";""NULL"";""NULL"";""22850,61"";""0,00"";""NULL"";""NULL"";""NULL"";""NULL"";""NULL"";""NULL"";""NULL"";""NULL"";""NULL"";""NULL"";""NULL"";""NULL"";""NULL"";""NULL"";""NULL"";""NULL"";""NULL"";""NULL"";""NULL"";""NULL"";""NULL"";""NULL"";""NULL"";""NULL"";""506326,0000"";""0,0000"";""NULL"";""NULL"";""NULL"";""NULL"";""19235,4000"";""NULL"";""NULL"";""NULL"";""NULL""",NA
"7;1713957600;24/04/2024;13:20:00;""EM210-MODBUS-ESTANDAR--3P"";""GENERAL"";""GENERAL"";""NULL"";""1"";""COM 2"";""GENERAL"";""AVG"";""42,267"";""42,704"";""33,404"";""17,355"";""NULL"";""NULL"";""50,0"";""0,962"";""0,977"";""0,950"";""0,966"";""-1,000000"";""16,2"";""17,1"";""17,9"";""2,0"";""1,7"";""1,8"";""395,0"";""227,7"";""398,5"";""228,2"";""396,5"";""231,0"";""396,7"";""229,0"";""9,6249"";""9,7485"";""7,7021"";""27,0734"";""NULL"";""NULL"";""9,2702"";""9,5418"";""7,3533"";""26,1685"";""NULL"";""-2,5879"";""-2,0022"";""-2,3510"";""-6,9354""",NA
"8;1713957600;24/04/2024;13:20:00;""EM210-MODBUS-ESTANDAR--3P"";""GENERAL"";""GENERAL"";""NULL"";""1"";""COM 2"";""GENERAL"";""CNT"";""NULL"";""NULL"";""NULL"";""NULL"";""22850,68"";""0,00"";""NULL"";""NULL"";""NULL"";""NULL"";""NULL"";""NULL"";""NULL"";""NULL"";""NULL"";""NULL"";""NULL"";""NULL"";""NULL"";""NULL"";""NULL"";""NULL"";""NULL"";""NULL"";""NULL"";""NULL"";""NULL"";""NULL"";""NULL"";""NULL"";""506328,2000"";""0,0000"";""NULL"";""NULL"";""NULL"";""NULL"";""19235,4000"";""NULL"";""NULL"";""NULL"";""NULL""",NA
"9;1713957900;24/04/2024;13:25:00;""EM210-MODBUS-ESTANDAR--3P"";""GENERAL"";""GENERAL"";""NULL"";""1"";""COM 2"";""GENERAL"";""AVG"";""42,041"";""40,061"";""35,231"";""12,749"";""NULL"";""NULL"";""50,0"";""0,969"";""0,975"";""0,975"";""0,974"";""-1,000000"";""16,0"";""17,2"";""16,4"";""1,9"";""1,6"";""1,7"";""395,0"";""227,8"";""398,0"";""228,4"";""396,0"";""230,4"";""396,3"";""228,8"";""9,5662"";""9,1410"";""8,1391"";""26,8390"";""NULL"";""NULL"";""9,2900"";""8,9412"";""7,9331"";""26,1586"";""NULL"";""-2,3360"";""-1,9561"";""-1,6586"";""-5,9576""",NA
"10;1713957900;24/04/2024;13:25:00;""EM210-MODBUS-ESTANDAR--3P"";""GENERAL"";""GENERAL"";""NULL"";""1"";""COM 2"";""GENERAL"";""CNT"";""NULL"";""NULL"";""NULL"";""NULL"";""22850,77"";""0,00"";""NULL"";""NULL"";""NULL"";""NULL"";""NULL"";""NULL"";""NULL"";""NULL"";""NULL"";""NULL"";""NULL"";""NULL"";""NULL"";""NULL"";""NULL"";""NULL"";""NULL"";""NULL"";""NULL"";""NULL"";""NULL"";""NULL"";""NULL"";""NULL"";""506330,4000"";""0,0000"";""NULL"";""NULL"";""NULL"";""NULL"";""19235,4000"";""NULL"";""NULL"";""NULL"";""NULL""",NA
"11;1713958200;24/04/2024;13:30:00;""EM210-MODBUS-ESTANDAR--3P"";""GENERAL"";""GENERAL"";""NULL"";""1"";""COM 2"";""GENERAL"";""AVG"";""42,243"";""37,874"";""33,571"";""14,142"";""NULL"";""NULL"";""50,0"";""0,963"";""0,971"";""0,955"";""0,964"";""-1,000000"";""16,2"";""18,5"";""17,5"";""1,9"";""1,6"";""1,6"";""398,9"";""229,9"";""402,6"";""231,1"";""400,8"";""233,2"";""400,7"";""231,4"";""9,7106"";""8,7544"";""7,8236"";""26,2805"";""NULL"";""NULL"";""9,3728"";""8,5091"";""7,5001"";""25,3706"";""NULL"";""-2,5653"";""-2,0344"";""-2,1889"";""-6,8155""",NA
"12;1713958200;24/04/2024;13:30:00;""EM210-MODBUS-ESTANDAR--3P"";""GENERAL"";""GENERAL"";""NULL"";""1"";""COM 2"";""GENERAL"";""CNT"";""NULL"";""NULL"";""NULL"";""NULL"";""22850,86"";""0,00"";""NULL"";""NULL"";""NULL"";""NULL"";""NULL"";""NULL"";""NULL"";""NULL"";""NULL"";""NULL"";""NULL"";""NULL"";""NULL"";""NULL"";""NULL"";""NULL"";""NULL"";""NULL"";""NULL"";""NULL"";""NULL"";""NULL"";""NULL"";""NULL"";""506332,5000"";""0,0000"";""NULL"";""NULL"";""NULL"";""NULL"";""19235,4000"";""NULL"";""NULL"";""NULL"";""NULL""",NA
"13;1713958500;24/04/2024;13:35:00;""EM210-MODBUS-ESTANDAR--3P"";""GENERAL"";""GENERAL"";""NULL"";""1"";""COM 2"";""GENERAL"";""AVG"";""42,003"";""36,911"";""32,624"";""13,394"";""NULL"";""NULL"";""50,0"";""0,963"";""0,968"";""0,959"";""0,964"";""-1,000000"";""16,2"";""19,5"";""18,0"";""2,0"";""1,7"";""1,7"";""394,0"";""227,0"";""396,9"";""227,6"";""394,9"";""229,8"";""395,3"";""228,1"";""9,5469"";""8,4452"";""7,4825"";""25,4364"";""NULL"";""NULL"";""9,1973"";""8,1362"";""7,2023"";""24,5417"";""NULL"";""-2,5363"";""-2,0836"";""-2,0666"";""-6,6736""",NA
"14;1713958500;24/04/2024;13:35:00;""EM210-MODBUS-ESTANDAR--3P"";""GENERAL"";""GENERAL"";""NULL"";""1"";""COM 2"";""GENERAL"";""CNT"";""NULL"";""NULL"";""NULL"";""NULL"";""22850,93"";""0,00"";""NULL"";""NULL"";""NULL"";""NULL"";""NULL"";""NULL"";""NULL"";""NULL"";""NULL"";""NULL"";""NULL"";""NULL"";""NULL"";""NULL"";""NULL"";""NULL"";""NULL"";""NULL"";""NULL"";""NULL"";""NULL"";""NULL"";""NULL"";""NULL"";""506334,6000"";""0,0000"";""NULL"";""NULL"";""NULL"";""NULL"";""19235,4000"";""NULL"";""NULL"";""NULL"";""NULL""",NA
"15;1713958800;24/04/2024;13:40:00;""EM210-MODBUS-ESTANDAR--3P"";""GENERAL"";""GENERAL"";""NULL"";""1"";""COM 2"";""GENERAL"";""AVG"";""42,843"";""36,409"";""33,019"";""12,806"";""NULL"";""NULL"";""50,0"";""0,964"";""0,965"";""0,965"";""0,965"";""-1,000000"";""16,4"";""19,8"";""17,9"";""1,9"";""1,6"";""1,5"";""398,1"";""229,4"";""400,8"";""230,1"";""399,4"";""232,4"";""399,4"";""230,6"";""9,8180"";""8,3056"";""7,6710"";""25,8926"";""NULL"";""NULL"";""9,4877"";""8,1020"";""7,4184"";""25,0160"";""NULL"";""-2,5791"";""-2,1391"";""-1,9700"";""-6,6968""",NA
"16;1713958800;24/04/2024;13:40:00;""EM210-MODBUS-ESTANDAR--3P"";""GENERAL"";""GENERAL"";""NULL"";""1"";""COM 2"";""GENERAL"";""CNT"";""NULL"";""NULL"";""NULL"";""NULL"";""22851,02"";""0,00"";""NULL"";""NULL"";""NULL"";""NULL"";""NULL"";""NULL"";""NULL"";""NULL"";""NULL"";""NULL"";""NULL"";""NULL"";""NULL"";""NULL"";""NULL"";""NULL"";""NULL"";""NULL"";""NULL"";""NULL"";""NULL"";""NULL"";""NULL"";""NULL"";""506336,7000"";""0,0000"";""NULL"";""NULL"";""NULL"";""NULL"";""19235,4000"";""NULL"";""NULL"";""NULL"";""NULL""",NA
"17;1713959100;24/04/2024;13:45:00;""EM210-MODBUS-ESTANDAR--3P"";""GENERAL"";""GENERAL"";""NULL"";""1"";""COM 2"";""GENERAL"";""AVG"";""42,948"";""37,112"";""32,917"";""13,742"";""NULL"";""NULL"";""50,0"";""0,963"";""0,965"";""0,957"";""0,962"";""-1,000000"";""16,1"";""19,7"";""18,5"";""1,8"";""1,6"";""1,5"";""404,4"";""232,9"";""407,5"";""233,9"";""405,3"";""236,0"";""405,6"";""234,2"";""10,0116"";""8,7179"";""7,7204"";""26,4701"";""NULL"";""NULL"";""9,6355"";""8,3923"";""7,4511"";""25,4935"";""NULL"";""-2,6712"";""-2,2278"";""-2,1966"";""-7,1137""",NA
"18;1713959100;24/04/2024;13:45:00;""EM210-MODBUS-ESTANDAR--3P"";""GENERAL"";""GENERAL"";""NULL"";""1"";""COM 2"";""GENERAL"";""CNT"";""NULL"";""NULL"";""NULL"";""NULL"";""22851,11"";""0,00"";""NULL"";""NULL"";""NULL"";""NULL"";""NULL"";""NULL"";""NULL"";""NULL"";""NULL"";""NULL"";""NULL"";""NULL"";""NULL"";""NULL"";""NULL"";""NULL"";""NULL"";""NULL"";""NULL"";""NULL"";""NULL"";""NULL"";""NULL"";""NULL"";""506338,8000"";""0,0000"";""NULL"";""NULL"";""NULL"";""NULL"";""19235,4000"";""NULL"";""NULL"";""NULL"";""NULL""",NA
"19;1713959400;24/04/2024;13:50:00;""EM210-MODBUS-ESTANDAR--3P"";""GENERAL"";""GENERAL"";""NULL"";""1"";""COM 2"";""GENERAL"";""AVG"";""45,106"";""36,043"";""31,163"";""16,181"";""NULL"";""NULL"";""50,0"";""0,972"";""0,964"";""0,947"";""0,963"";""-1,000000"";""14,8"";""19,5"";""19,6"";""1,9"";""1,6"";""1,7"";""397,2"";""228,6"";""400,3"";""229,7"";""398,7"";""232,4"";""398,6"";""230,2"";""10,3157"";""8,3052"";""7,2405"";""25,7921"";""NULL"";""NULL"";""10,0289"";""7,9871"";""6,8673"";""24,8788"";""NULL"";""-2,3606"";""-2,1456"";""-2,2833"";""-6,7943""",NA
"20;1713959400;24/04/2024;13:50:00;""EM210-MODBUS-ESTANDAR--3P"";""GENERAL"";""GENERAL"";""NULL"";""1"";""COM 2"";""GENERAL"";""CNT"";""NULL"";""NULL"";""NULL"";""NULL"";""22851,18"";""0,00"";""NULL"";""NULL"";""NULL"";""NULL"";""NULL"";""NULL"";""NULL"";""NULL"";""NULL"";""NULL"";""NULL"";""NULL"";""NULL"";""NULL"";""NULL"";""NULL"";""NULL"";""NULL"";""NULL"";""NULL"";""NULL"";""NULL"";""NULL"";""NULL"";""506340,9000"";""0,0000"";""NULL"";""NULL"";""NULL"";""NULL"";""19235,4000"";""NULL"";""NULL"";""NULL"";""NULL""",NA
"21;1713959700;24/04/2024;13:55:00;""EM210-MODBUS-ESTANDAR--3P"";""GENERAL"";""GENERAL"";""NULL"";""1"";""COM 2"";""GENERAL"";""AVG"";""45,493"";""37,631"";""33,589"";""14,010"";""NULL"";""NULL"";""50,0"";""0,964"";""0,963"";""0,973"";""0,967"";""-1,000000"";""16,1"";""20,2"";""19,1"";""2,5"";""2,3"";""2,3"";""396,9"";""228,5"";""399,8"";""229,4"";""397,9"";""231,8"";""398,1"";""229,9"";""10,3895"";""8,6432"";""7,7331"";""26,7889"";""NULL"";""NULL"";""10,0410"";""8,3233"";""7,5794"";""25,9336"";""NULL"";""-2,7100"";""-2,2753"";""-1,7010"";""-6,7031""",NA
"22;1713959700;24/04/2024;13:55:00;""EM210-MODBUS-ESTANDAR--3P"";""GENERAL"";""GENERAL"";""NULL"";""1"";""COM 2"";""GENERAL"";""CNT"";""NULL"";""NULL"";""NULL"";""NULL"";""22851,27"";""0,00"";""NULL"";""NULL"";""NULL"";""NULL"";""NULL"";""NULL"";""NULL"";""NULL"";""NULL"";""NULL"";""NULL"";""NULL"";""NULL"";""NULL"";""NULL"";""NULL"";""NULL"";""NULL"";""NULL"";""NULL"";""NULL"";""NULL"";""NULL"";""NULL"";""506343,0000"";""0,0000"";""NULL"";""NULL"";""NULL"";""NULL"";""19235,4000"";""NULL"";""NULL"";""NULL"";""NULL""",NA
"23;1713960000;24/04/2024;14:00:00;""EM210-MODBUS-ESTANDAR--3P"";""GENERAL"";""GENERAL"";""NULL"";""1"";""COM 2"";""GENERAL"";""AVG"";""47,874"";""38,646"";""32,127"";""18,675"";""NULL"";""NULL"";""50,0"";""0,962"";""0,961"";""0,945"";""0,958"";""-1,000000"";""17,2"";""20,9"";""21,1"";""3,0"";""2,9"";""2,7"";""396,3"";""227,8"";""399,6"";""229,2"";""397,6"";""232,0"";""397,6"";""229,6"";""10,9157"";""8,8748"";""7,4319"";""27,2121"";""NULL"";""NULL"";""10,5083"";""8,5324"";""7,0597"";""26,0947"";""NULL"";""-2,9417"";""-2,4180"";""-2,3558"";""-7,7082""",NA
"24;1713960000;24/04/2024;14:00:00;""EM210-MODBUS-ESTANDAR--3P"";""GENERAL"";""GENERAL"";""NULL"";""1"";""COM 2"";""GENERAL"";""CNT"";""NULL"";""NULL"";""NULL"";""NULL"";""22851,36"";""0,00"";""NULL"";""NULL"";""NULL"";""NULL"";""NULL"";""NULL"";""NULL"";""NULL"";""NULL"";""NULL"";""NULL"";""NULL"";""NULL"";""NULL"";""NULL"";""NULL"";""NULL"";""NULL"";""NULL"";""NULL"";""NULL"";""NULL"";""NULL"";""NULL"";""506345,2000"";""0,0000"";""NULL"";""NULL"";""NULL"";""NULL"";""19235,4000"";""NULL"";""NULL"";""NULL"";""NULL""",NA
"25;1713956700;24/04/2024;13:05:00;""EM210-MODBUS-ESTANDAR--3P"";""PLANTA BAJA"";""PLANTA BAJA"";""NULL"";""2"";""COM 2"";""PLANTA BAJA"";""AVG"";""0,000"";""0,000"";""0,427"";""0,362"";""NULL"";""NULL"";""50,0"";""1,000"";""1,000"";""0,748"";""0,749"";""-1,000000"";""131,2"";""58,0"";""39,4"";""3,4"";""3,2"";""3,0"";""391,4"";""224,9"";""394,4"";""226,4"";""392,0"";""228,8"";""392,5"";""226,7"";""0,0000"";""0,0000"";""0,0978"";""0,0976"";""NULL"";""NULL"";""0,0000"";""0,0000"";""0,0730"";""0,0730"";""NULL"";""0,0000"";""0,0000"";""-0,0649"";""-0,0649""",NA
"26;1713956700;24/04/2024;13:05:00;""EM210-MODBUS-ESTANDAR--3P"";""PLANTA BAJA"";""PLANTA BAJA"";""NULL"";""2"";""COM 2"";""PLANTA BAJA"";""CNT"";""NULL"";""NULL"";""NULL"";""NULL"";""4534,84"";""0,00"";""NULL"";""NULL"";""NULL"";""NULL"";""NULL"";""NULL"";""NULL"";""NULL"";""NULL"";""NULL"";""NULL"";""NULL"";""NULL"";""NULL"";""NULL"";""NULL"";""NULL"";""NULL"";""NULL"";""NULL"";""NULL"";""NULL"";""NULL"";""NULL"";""2611,3000"";""0,0000"";""NULL"";""NULL"";""NULL"";""NULL"";""17,0000"";""NULL"";""NULL"";""NULL"";""NULL""",NA
"27;1713957000;24/04/2024;13:10:00;""EM210-MODBUS-ESTANDAR--3P"";""PLANTA BAJA"";""PLANTA BAJA"";""NULL"";""2"";""COM 2"";""PLANTA BAJA"";""AVG"";""0,000"";""0,000"";""0,429"";""0,365"";""NULL"";""NULL"";""50,0"";""1,000"";""1,000"";""0,747"";""0,746"";""-1,000000"";""132,8"";""66,2"";""40,1"";""3,8"";""3,6"";""3,3"";""396,6"";""227,2"";""398,6"";""229,5"";""395,9"";""231,1"";""397,1"";""229,2"";""0,0000"";""0,0000"";""0,0999"";""0,0995"";""NULL"";""NULL"";""0,0000"";""0,0000"";""0,0742"";""0,0742"";""NULL"";""0,0000"";""0,0000"";""-0,0663"";""-0,0663""",NA
"28;1713957000;24/04/2024;13:10:00;""EM210-MODBUS-ESTANDAR--3P"";""PLANTA BAJA"";""PLANTA BAJA"";""NULL"";""2"";""COM 2"";""PLANTA BAJA"";""CNT"";""NULL"";""NULL"";""NULL"";""NULL"";""4534,84"";""0,00"";""NULL"";""NULL"";""NULL"";""NULL"";""NULL"";""NULL"";""NULL"";""NULL"";""NULL"";""NULL"";""NULL"";""NULL"";""NULL"";""NULL"";""NULL"";""NULL"";""NULL"";""NULL"";""NULL"";""NULL"";""NULL"";""NULL"";""NULL"";""NULL"";""2611,3000"";""0,0000"";""NULL"";""NULL"";""NULL"";""NULL"";""17,0000"";""NULL"";""NULL"";""NULL"";""NULL""",NA
"29;1713957300;24/04/2024;13:15:00;""EM210-MODBUS-ESTANDAR--3P"";""PLANTA BAJA"";""PLANTA BAJA"";""NULL"";""2"";""COM 2"";""PLANTA BAJA"";""AVG"";""0,000"";""0,000"";""0,416"";""0,354"";""NULL"";""NULL"";""50,0"";""1,000"";""1,000"";""0,757"";""0,758"";""-1,000000"";""120,0"";""62,9"";""39,2"";""3,2"";""3,2"";""2,9"";""404,0"";""232,5"";""407,8"";""234,2"";""405,8"";""236,5"";""405,8"";""234,4"";""0,0000"";""0,0000"";""0,0984"";""0,0983"";""NULL"";""NULL"";""0,0000"";""0,0000"";""0,0745"";""0,0745"";""NULL"";""0,0000"";""0,0000"";""-0,0642"";""-0,0643""",NA
"30;1713957300;24/04/2024;13:15:00;""EM210-MODBUS-ESTANDAR--3P"";""PLANTA BAJA"";""PLANTA BAJA"";""NULL"";""2"";""COM 2"";""PLANTA BAJA"";""CNT"";""NULL"";""NULL"";""NULL"";""NULL"";""4534,84"";""0,00"";""NULL"";""NULL"";""NULL"";""NULL"";""NULL"";""NULL"";""NULL"";""NULL"";""NULL"";""NULL"";""NULL"";""NULL"";""NULL"";""NULL"";""NULL"";""NULL"";""NULL"";""NULL"";""NULL"";""NULL"";""NULL"";""NULL"";""NULL"";""NULL"";""2611,3000"";""0,0000"";""NULL"";""NULL"";""NULL"";""NULL"";""17,0000"";""NULL"";""NULL"";""NULL"";""NULL""",NA
"31;1713957600;24/04/2024;13:20:00;""EM210-MODBUS-ESTANDAR--3P"";""PLANTA BAJA"";""PLANTA BAJA"";""NULL"";""2"";""COM 2"";""PLANTA BAJA"";""AVG"";""0,000"";""0,000"";""0,424"";""0,358"";""NULL"";""NULL"";""50,0"";""1,000"";""1,000"";""0,758"";""0,759"";""-1,000000"";""124,6"";""40,6"";""36,1"";""2,0"";""1,7"";""1,8"";""395,2"";""227,7"";""398,4"";""228,5"";""396,5"";""231,1"";""396,6"";""229,0"";""0,0000"";""0,0000"";""0,0977"";""0,0979"";""NULL"";""NULL"";""0,0000"";""0,0000"";""0,0742"";""0,0742"";""NULL"";""0,0000"";""0,0000"";""-0,0639"";""-0,0639""",NA
"32;1713957600;24/04/2024;13:20:00;""EM210-MODBUS-ESTANDAR--3P"";""PLANTA BAJA"";""PLANTA BAJA"";""NULL"";""2"";""COM 2"";""PLANTA BAJA"";""CNT"";""NULL"";""NULL"";""NULL"";""NULL"";""4534,84"";""0,00"";""NULL"";""NULL"";""NULL"";""NULL"";""NULL"";""NULL"";""NULL"";""NULL"";""NULL"";""NULL"";""NULL"";""NULL"";""NULL"";""NULL"";""NULL"";""NULL"";""NULL"";""NULL"";""NULL"";""NULL"";""NULL"";""NULL"";""NULL"";""NULL"";""2611,4000"";""0,0000"";""NULL"";""NULL"";""NULL"";""NULL"";""17,0000"";""NULL"";""NULL"";""NULL"";""NULL""",NA
"33;1713957900;24/04/2024;13:25:00;""EM210-MODBUS-ESTANDAR--3P"";""PLANTA BAJA"";""PLANTA BAJA"";""NULL"";""2"";""COM 2"";""PLANTA BAJA"";""AVG"";""0,000"";""0,000"";""0,423"";""0,358"";""NULL"";""NULL"";""50,0"";""1,000"";""1,000"";""0,760"";""0,761"";""-1,000000"";""134,1"";""41,1"";""36,0"";""1,9"";""1,6"";""1,7"";""395,2"";""227,6"";""397,8"";""228,5"";""395,8"";""230,5"";""396,4"";""228,8"";""0,0000"";""0,0000"";""0,0974"";""0,0975"";""NULL"";""NULL"";""0,0000"";""0,0000"";""0,0741"";""0,0741"";""NULL"";""0,0000"";""0,0000"";""-0,0634"";""-0,0634""",NA
"34;1713957900;24/04/2024;13:25:00;""EM210-MODBUS-ESTANDAR--3P"";""PLANTA BAJA"";""PLANTA BAJA"";""NULL"";""2"";""COM 2"";""PLANTA BAJA"";""CNT"";""NULL"";""NULL"";""NULL"";""NULL"";""4534,84"";""0,00"";""NULL"";""NULL"";""NULL"";""NULL"";""NULL"";""NULL"";""NULL"";""NULL"";""NULL"";""NULL"";""NULL"";""NULL"";""NULL"";""NULL"";""NULL"";""NULL"";""NULL"";""NULL"";""NULL"";""NULL"";""NULL"";""NULL"";""NULL"";""NULL"";""2611,4000"";""0,0000"";""NULL"";""NULL"";""NULL"";""NULL"";""17,0000"";""NULL"";""NULL"";""NULL"";""NULL""",NA
"35;1713958200;24/04/2024;13:30:00;""EM210-MODBUS-ESTANDAR--3P"";""PLANTA BAJA"";""PLANTA BAJA"";""NULL"";""2"";""COM 2"";""PLANTA BAJA"";""AVG"";""0,000"";""0,000"";""0,412"";""0,352"";""NULL"";""NULL"";""50,0"";""1,000"";""1,000"";""0,767"";""0,768"";""-1,000000"";""128,6"";""43,1"";""36,4"";""2,0"";""1,6"";""1,6"";""399,3"";""229,8"";""402,8"";""231,2"";""400,7"";""233,3"";""400,9"";""231,4"";""0,0000"";""0,0000"";""0,0961"";""0,0962"";""NULL"";""NULL"";""0,0000"";""0,0000"";""0,0737"";""0,0737"";""NULL"";""0,0000"";""0,0000"";""-0,0619"";""-0,0620""",NA
"36;1713958200;24/04/2024;13:30:00;""EM210-MODBUS-ESTANDAR--3P"";""PLANTA BAJA"";""PLANTA BAJA"";""NULL"";""2"";""COM 2"";""PLANTA BAJA"";""CNT"";""NULL"";""NULL"";""NULL"";""NULL"";""4534,84"";""0,00"";""NULL"";""NULL"";""NULL"";""NULL"";""NULL"";""NULL"";""NULL"";""NULL"";""NULL"";""NULL"";""NULL"";""NULL"";""NULL"";""NULL"";""NULL"";""NULL"";""NULL"";""NULL"";""NULL"";""NULL"";""NULL"";""NULL"";""NULL"";""NULL"";""2611,4000"";""0,0000"";""NULL"";""NULL"";""NULL"";""NULL"";""17,0000"";""NULL"";""NULL"";""NULL"";""NULL""",NA
"37;1713958500;24/04/2024;13:35:00;""EM210-MODBUS-ESTANDAR--3P"";""PLANTA BAJA"";""PLANTA BAJA"";""NULL"";""2"";""COM 2"";""PLANTA BAJA"";""AVG"";""0,000"";""0,000"";""0,423"";""0,354"";""NULL"";""NULL"";""50,0"";""1,000"";""1,000"";""0,758"";""0,758"";""-1,000000"";""130,8"";""40,6"";""36,2"";""2,0"";""1,7"";""1,7"";""394,6"";""226,9"";""396,6"";""227,9"";""394,4"";""230,0"";""395,1"";""228,2"";""0,0000"";""0,0000"";""0,0975"";""0,0974"";""NULL"";""NULL"";""0,0000"";""0,0000"";""0,0736"";""0,0736"";""NULL"";""0,0000"";""0,0000"";""-0,0635"";""-0,0635""",NA
"38;1713958500;24/04/2024;13:35:00;""EM210-MODBUS-ESTANDAR--3P"";""PLANTA BAJA"";""PLANTA BAJA"";""NULL"";""2"";""COM 2"";""PLANTA BAJA"";""CNT"";""NULL"";""NULL"";""NULL"";""NULL"";""4534,84"";""0,00"";""NULL"";""NULL"";""NULL"";""NULL"";""NULL"";""NULL"";""NULL"";""NULL"";""NULL"";""NULL"";""NULL"";""NULL"";""NULL"";""NULL"";""NULL"";""NULL"";""NULL"";""NULL"";""NULL"";""NULL"";""NULL"";""NULL"";""NULL"";""NULL"";""2611,4000"";""0,0000"";""NULL"";""NULL"";""NULL"";""NULL"";""17,0000"";""NULL"";""NULL"";""NULL"";""NULL""",NA
"39;1713958800;24/04/2024;13:40:00;""EM210-MODBUS-ESTANDAR--3P"";""PLANTA BAJA"";""PLANTA BAJA"";""NULL"";""2"";""COM 2"";""PLANTA BAJA"";""AVG"";""0,000"";""0,000"";""0,421"";""0,356"";""NULL"";""NULL"";""50,0"";""1,000"";""1,000"";""0,759"";""0,756"";""-1,000000"";""126,3"";""41,8"";""35,7"";""1,9"";""1,6"";""1,6"";""398,6"";""229,3"";""401,2"";""230,3"";""399,2"";""232,7"";""399,6"";""230,7"";""0,0000"";""0,0000"";""0,0988"";""0,0985"";""NULL"";""NULL"";""0,0000"";""0,0000"";""0,0745"";""0,0745"";""NULL"";""0,0000"";""0,0000"";""-0,0644"";""-0,0645""",NA
"40;1713958800;24/04/2024;13:40:00;""EM210-MODBUS-ESTANDAR--3P"";""PLANTA BAJA"";""PLANTA BAJA"";""NULL"";""2"";""COM 2"";""PLANTA BAJA"";""CNT"";""NULL"";""NULL"";""NULL"";""NULL"";""4534,84"";""0,00"";""NULL"";""NULL"";""NULL"";""NULL"";""NULL"";""NULL"";""NULL"";""NULL"";""NULL"";""NULL"";""NULL"";""NULL"";""NULL"";""NULL"";""NULL"";""NULL"";""NULL"";""NULL"";""NULL"";""NULL"";""NULL"";""NULL"";""NULL"";""NULL"";""2611,4000"";""0,0000"";""NULL"";""NULL"";""NULL"";""NULL"";""17,0000"";""NULL"";""NULL"";""NULL"";""NULL""",NA
"41;1713959100;24/04/2024;13:45:00;""EM210-MODBUS-ESTANDAR--3P"";""PLANTA BAJA"";""PLANTA BAJA"";""NULL"";""2"";""COM 2"";""PLANTA BAJA"";""AVG"";""0,000"";""0,000"";""0,415"";""0,352"";""NULL"";""NULL"";""50,0"";""1,000"";""1,000"";""0,767"";""0,766"";""-1,000000"";""121,1"";""45,2"";""36,4"";""1,8"";""1,6"";""1,5"";""405,0"";""232,8"";""407,1"";""234,0"";""404,8"";""236,1"";""405,6"";""234,3"";""0,0000"";""0,0000"";""0,0981"";""0,0979"";""NULL"";""NULL"";""0,0000"";""0,0000"";""0,0747"";""0,0747"";""NULL"";""0,0000"";""0,0000"";""-0,0632"";""-0,0632""",NA
"42;1713959100;24/04/2024;13:45:00;""EM210-MODBUS-ESTANDAR--3P"";""PLANTA BAJA"";""PLANTA BAJA"";""NULL"";""2"";""COM 2"";""PLANTA BAJA"";""CNT"";""NULL"";""NULL"";""NULL"";""NULL"";""4534,84"";""0,00"";""NULL"";""NULL"";""NULL"";""NULL"";""NULL"";""NULL"";""NULL"";""NULL"";""NULL"";""NULL"";""NULL"";""NULL"";""NULL"";""NULL"";""NULL"";""NULL"";""NULL"";""NULL"";""NULL"";""NULL"";""NULL"";""NULL"";""NULL"";""NULL"";""2611,4000"";""0,0000"";""NULL"";""NULL"";""NULL"";""NULL"";""17,0000"";""NULL"";""NULL"";""NULL"";""NULL""",NA
"43;1713959400;24/04/2024;13:50:00;""EM210-MODBUS-ESTANDAR--3P"";""PLANTA BAJA"";""PLANTA BAJA"";""NULL"";""2"";""COM 2"";""PLANTA BAJA"";""AVG"";""0,000"";""0,000"";""0,420"";""0,357"";""NULL"";""NULL"";""50,0"";""1,000"";""1,000"";""0,761"";""0,761"";""-1,000000"";""126,5"";""42,5"";""36,4"";""1,9"";""1,6"";""1,7"";""397,4"";""228,3"";""400,1"";""229,8"";""398,1"";""232,5"";""398,6"";""230,2"";""0,0000"";""0,0000"";""0,0980"";""0,0977"";""NULL"";""NULL"";""0,0000"";""0,0000"";""0,0744"";""0,0744"";""NULL"";""0,0000"";""0,0000"";""-0,0636"";""-0,0637""",NA
"44;1713959400;24/04/2024;13:50:00;""EM210-MODBUS-ESTANDAR--3P"";""PLANTA BAJA"";""PLANTA BAJA"";""NULL"";""2"";""COM 2"";""PLANTA BAJA"";""CNT"";""NULL"";""NULL"";""NULL"";""NULL"";""4534,84"";""0,00"";""NULL"";""NULL"";""NULL"";""NULL"";""NULL"";""NULL"";""NULL"";""NULL"";""NULL"";""NULL"";""NULL"";""NULL"";""NULL"";""NULL"";""NULL"";""NULL"";""NULL"";""NULL"";""NULL"";""NULL"";""NULL"";""NULL"";""NULL"";""NULL"";""2611,4000"";""0,0000"";""NULL"";""NULL"";""NULL"";""NULL"";""17,0000"";""NULL"";""NULL"";""NULL"";""NULL""",NA
"45;1713959700;24/04/2024;13:55:00;""EM210-MODBUS-ESTANDAR--3P"";""PLANTA BAJA"";""PLANTA BAJA"";""NULL"";""2"";""COM 2"";""PLANTA BAJA"";""AVG"";""0,000"";""0,000"";""0,426"";""0,361"";""NULL"";""NULL"";""50,0"";""1,000"";""1,000"";""0,757"";""0,760"";""-1,000000"";""130,8"";""50,8"";""37,0"";""2,5"";""2,3"";""2,3"";""397,2"";""228,4"";""399,7"";""229,6"";""397,6"";""231,8"";""398,3"";""229,9"";""0,0000"";""0,0000"";""0,0982"";""0,0984"";""NULL"";""NULL"";""0,0000"";""0,0000"";""0,0747"";""0,0747"";""NULL"";""0,0000"";""0,0000"";""-0,0640"";""-0,0640""",NA
"46;1713959700;24/04/2024;13:55:00;""EM210-MODBUS-ESTANDAR--3P"";""PLANTA BAJA"";""PLANTA BAJA"";""NULL"";""2"";""COM 2"";""PLANTA BAJA"";""CNT"";""NULL"";""NULL"";""NULL"";""NULL"";""4534,84"";""0,00"";""NULL"";""NULL"";""NULL"";""NULL"";""NULL"";""NULL"";""NULL"";""NULL"";""NULL"";""NULL"";""NULL"";""NULL"";""NULL"";""NULL"";""NULL"";""NULL"";""NULL"";""NULL"";""NULL"";""NULL"";""NULL"";""NULL"";""NULL"";""NULL"";""2611,4000"";""0,0000"";""NULL"";""NULL"";""NULL"";""NULL"";""17,0000"";""NULL"";""NULL"";""NULL"";""NULL""",NA
"47;1713960000;24/04/2024;14:00:00;""EM210-MODBUS-ESTANDAR--3P"";""PLANTA BAJA"";""PLANTA BAJA"";""NULL"";""2"";""COM 2"";""PLANTA BAJA"";""AVG"";""0,000"";""0,000"";""0,421"";""0,356"";""NULL"";""NULL"";""50,0"";""1,000"";""1,000"";""0,757"";""0,758"";""-1,000000"";""125,7"";""58,8"";""38,7"";""3,0"";""2,8"";""2,8"";""396,2"";""227,7"";""399,7"";""229,4"";""397,5"";""232,2"";""397,8"";""229,7"";""0,0000"";""0,0000"";""0,0973"";""0,0974"";""NULL"";""NULL"";""0,0000"";""0,0000"";""0,0737"";""0,0737"";""NULL"";""0,0000"";""0,0000"";""-0,0639"";""-0,0637""",NA
"48;1713960000;24/04/2024;14:00:00;""EM210-MODBUS-ESTANDAR--3P"";""PLANTA BAJA"";""PLANTA BAJA"";""NULL"";""2"";""COM 2"";""PLANTA BAJA"";""CNT"";""NULL"";""NULL"";""NULL"";""NULL"";""4534,84"";""0,00"";""NULL"";""NULL"";""NULL"";""NULL"";""NULL"";""NULL"";""NULL"";""NULL"";""NULL"";""NULL"";""NULL"";""NULL"";""NULL"";""NULL"";""NULL"";""NULL"";""NULL"";""NULL"";""NULL"";""NULL"";""NULL"";""NULL"";""NULL"";""NULL"";""2611,4000"";""0,0000"";""NULL"";""NULL"";""NULL"";""NULL"";""17,0000"";""NULL"";""NULL"";""NULL"";""NULL""",NA
"49;1713956700;24/04/2024;13:05:00;""EM210-MODBUS-ESTANDAR--3P"";""PLANTA PRIMERA"";""PLANTA PRIMERA"";""NULL"";""3"";""COM 2"";""PLANTA PRIMERA"";""AVG"";""9,970"";""11,056"";""12,861"";""5,531"";""NULL"";""NULL"";""50,0"";""0,045"";""0,785"";""0,811"";""0,973"";""-1,000000"";""30,0"";""31,5"";""28,9"";""3,4"";""3,2"";""3,0"";""391,0"";""225,0"";""394,7"";""226,2"";""392,1"";""228,8"";""392,6"";""226,6"";""2,2380"";""2,5057"";""2,9352"";""4,5723"";""NULL"";""NULL"";""0,1046"";""1,9642"";""2,3851"";""4,4531"";""NULL"";""2,2343"";""-1,5489"";""-1,7146"";""-1,0299""",NA
"50;1713956700;24/04/2024;13:05:00;""EM210-MODBUS-ESTANDAR--3P"";""PLANTA PRIMERA"";""PLANTA PRIMERA"";""NULL"";""3"";""COM 2"";""PLANTA PRIMERA"";""CNT"";""NULL"";""NULL"";""NULL"";""NULL"";""22824,97"";""0,00"";""NULL"";""NULL"";""NULL"";""NULL"";""NULL"";""NULL"";""NULL"";""NULL"";""NULL"";""NULL"";""NULL"";""NULL"";""NULL"";""NULL"";""NULL"";""NULL"";""NULL"";""NULL"";""NULL"";""NULL"";""NULL"";""NULL"";""NULL"";""NULL"";""77270,2000"";""0,0000"";""NULL"";""NULL"";""NULL"";""NULL"";""1179,2000"";""NULL"";""NULL"";""NULL"";""NULL""",NA
"51;1713957000;24/04/2024;13:10:00;""EM210-MODBUS-ESTANDAR--3P"";""PLANTA PRIMERA"";""PLANTA PRIMERA"";""NULL"";""3"";""COM 2"";""PLANTA PRIMERA"";""AVG"";""9,962"";""10,821"";""12,646"";""5,472"";""NULL"";""NULL"";""50,0"";""0,021"";""0,770"";""0,814"";""0,973"";""-1,000000"";""32,5"";""33,9"";""29,3"";""3,8"";""3,6"";""3,3"";""395,6"";""227,3"";""398,8"";""229,4"";""396,7"";""231,2"";""397,0"";""229,2"";""2,2703"";""2,4845"";""2,9234"";""4,4615"";""NULL"";""NULL"";""0,0532"";""1,9125"";""2,3798"";""4,3440"";""NULL"";""2,2694"";""-1,5835"";""-1,6933"";""-1,0124""",NA
"52;1713957000;24/04/2024;13:10:00;""EM210-MODBUS-ESTANDAR--3P"";""PLANTA PRIMERA"";""PLANTA PRIMERA"";""NULL"";""3"";""COM 2"";""PLANTA PRIMERA"";""CNT"";""NULL"";""NULL"";""NULL"";""NULL"";""22825,04"";""0,00"";""NULL"";""NULL"";""NULL"";""NULL"";""NULL"";""NULL"";""NULL"";""NULL"";""NULL"";""NULL"";""NULL"";""NULL"";""NULL"";""NULL"";""NULL"";""NULL"";""NULL"";""NULL"";""NULL"";""NULL"";""NULL"";""NULL"";""NULL"";""NULL"";""77270,5000"";""0,0000"";""NULL"";""NULL"";""NULL"";""NULL"";""1179,2000"";""NULL"";""NULL"";""NULL"";""NULL""",NA
"53;1713957300;24/04/2024;13:15:00;""EM210-MODBUS-ESTANDAR--3P"";""PLANTA PRIMERA"";""PLANTA PRIMERA"";""NULL"";""3"";""COM 2"";""PLANTA PRIMERA"";""AVG"";""9,839"";""10,482"";""11,970"";""4,784"";""NULL"";""NULL"";""50,0"";""0,017"";""0,759"";""0,834"";""0,978"";""-1,000000"";""30,2"";""31,1"";""26,2"";""3,2"";""3,2"";""2,9"";""404,3"";""232,6"";""408,2"";""234,1"";""405,8"";""236,4"";""406,1"";""234,3"";""2,2874"";""2,4634"";""2,8317"";""4,3627"";""NULL"";""NULL"";""0,0403"";""1,8634"";""2,3636"";""4,2733"";""NULL"";""2,2866"";""-1,6002"";""-1,5545"";""-0,8740""",NA
"54;1713957300;24/04/2024;13:15:00;""EM210-MODBUS-ESTANDAR--3P"";""PLANTA PRIMERA"";""PLANTA PRIMERA"";""NULL"";""3"";""COM 2"";""PLANTA PRIMERA"";""CNT"";""NULL"";""NULL"";""NULL"";""NULL"";""22825,13"";""0,00"";""NULL"";""NULL"";""NULL"";""NULL"";""NULL"";""NULL"";""NULL"";""NULL"";""NULL"";""NULL"";""NULL"";""NULL"";""NULL"";""NULL"";""NULL"";""NULL"";""NULL"";""NULL"";""NULL"";""NULL"";""NULL"";""NULL"";""NULL"";""NULL"";""77270,9000"";""0,0000"";""NULL"";""NULL"";""NULL"";""NULL"";""1179,2000"";""NULL"";""NULL"";""NULL"";""NULL""",NA
"55;1713957600;24/04/2024;13:20:00;""EM210-MODBUS-ESTANDAR--3P"";""PLANTA PRIMERA"";""PLANTA PRIMERA"";""NULL"";""3"";""COM 2"";""PLANTA PRIMERA"";""AVG"";""9,812"";""10,489"";""11,503"";""3,272"";""NULL"";""NULL"";""50,0"";""0,016"";""0,791"";""0,846"";""0,987"";""-1,000000"";""21,2"";""21,0"";""19,8"";""2,0"";""1,7"";""1,8"";""395,7"";""227,9"";""398,7"";""228,4"";""396,4"";""231,2"";""396,8"";""229,1"";""2,2313"";""2,3915"";""2,6596"";""4,2372"";""NULL"";""NULL"";""0,0381"";""1,8991"";""2,2514"";""4,1876"";""NULL"";""2,2308"";""-1,4593"";""-1,4133"";""-0,6402""",NA
"56;1713957600;24/04/2024;13:20:00;""EM210-MODBUS-ESTANDAR--3P"";""PLANTA PRIMERA"";""PLANTA PRIMERA"";""NULL"";""3"";""COM 2"";""PLANTA PRIMERA"";""CNT"";""NULL"";""NULL"";""NULL"";""NULL"";""22825,22"";""0,00"";""NULL"";""NULL"";""NULL"";""NULL"";""NULL"";""NULL"";""NULL"";""NULL"";""NULL"";""NULL"";""NULL"";""NULL"";""NULL"";""NULL"";""NULL"";""NULL"";""NULL"";""NULL"";""NULL"";""NULL"";""NULL"";""NULL"";""NULL"";""NULL"";""77271,3000"";""0,0000"";""NULL"";""NULL"";""NULL"";""NULL"";""1179,2000"";""NULL"";""NULL"";""NULL"";""NULL""",NA
"57;1713957900;24/04/2024;13:25:00;""EM210-MODBUS-ESTANDAR--3P"";""PLANTA PRIMERA"";""PLANTA PRIMERA"";""NULL"";""3"";""COM 2"";""PLANTA PRIMERA"";""AVG"";""9,614"";""10,325"";""11,076"";""3,096"";""NULL"";""NULL"";""50,0"";""0,010"";""0,787"";""0,849"";""0,988"";""-1,000000"";""21,5"";""19,4"";""20,7"";""1,9"";""1,6"";""1,7"";""395,3"";""227,7"";""398,2"";""228,4"";""396,0"";""230,4"";""396,5"";""228,8"";""2,1902"";""2,3566"";""2,5531"";""4,0961"";""NULL"";""NULL"";""0,0245"";""1,8596"";""2,1716"";""4,0517"";""NULL"";""2,1898"";""-1,4483"";""-1,3433"";""-0,5978""",NA
"58;1713957900;24/04/2024;13:25:00;""EM210-MODBUS-ESTANDAR--3P"";""PLANTA PRIMERA"";""PLANTA PRIMERA"";""NULL"";""3"";""COM 2"";""PLANTA PRIMERA"";""CNT"";""NULL"";""NULL"";""NULL"";""NULL"";""22825,31"";""0,00"";""NULL"";""NULL"";""NULL"";""NULL"";""NULL"";""NULL"";""NULL"";""NULL"";""NULL"";""NULL"";""NULL"";""NULL"";""NULL"";""NULL"";""NULL"";""NULL"";""NULL"";""NULL"";""NULL"";""NULL"";""NULL"";""NULL"";""NULL"";""NULL"";""77271,6000"";""0,0000"";""NULL"";""NULL"";""NULL"";""NULL"";""1179,2000"";""NULL"";""NULL"";""NULL"";""NULL""",NA
"59;1713958200;24/04/2024;13:30:00;""EM210-MODBUS-ESTANDAR--3P"";""PLANTA PRIMERA"";""PLANTA PRIMERA"";""NULL"";""3"";""COM 2"";""PLANTA PRIMERA"";""AVG"";""9,983"";""10,195"";""11,429"";""3,266"";""NULL"";""NULL"";""50,0"";""0,026"";""0,779"";""0,850"";""0,987"";""-1,000000"";""20,4"";""19,2"";""19,7"";""1,9"";""1,6"";""1,6"";""399,5"";""229,8"";""402,7"";""231,0"";""400,5"";""233,2"";""401,0"";""231,3"";""2,3131"";""2,3467"";""2,6707"";""4,2327"";""NULL"";""NULL"";""0,0785"";""1,8397"";""2,2698"";""4,1841"";""NULL"";""2,3070"";""-1,4709"";""-1,4047"";""-0,5767""",NA
"60;1713958200;24/04/2024;13:30:00;""EM210-MODBUS-ESTANDAR--3P"";""PLANTA PRIMERA"";""PLANTA PRIMERA"";""NULL"";""3"";""COM 2"";""PLANTA PRIMERA"";""CNT"";""NULL"";""NULL"";""NULL"";""NULL"";""22825,38"";""0,00"";""NULL"";""NULL"";""NULL"";""NULL"";""NULL"";""NULL"";""NULL"";""NULL"";""NULL"";""NULL"";""NULL"";""NULL"";""NULL"";""NULL"";""NULL"";""NULL"";""NULL"";""NULL"";""NULL"";""NULL"";""NULL"";""NULL"";""NULL"";""NULL"";""77271,9000"";""0,0000"";""NULL"";""NULL"";""NULL"";""NULL"";""1179,2000"";""NULL"";""NULL"";""NULL"";""NULL""",NA
"61;1713958500;24/04/2024;13:35:00;""EM210-MODBUS-ESTANDAR--3P"";""PLANTA PRIMERA"";""PLANTA PRIMERA"";""NULL"";""3"";""COM 2"";""PLANTA PRIMERA"";""AVG"";""9,763"";""10,871"";""11,434"";""3,535"";""NULL"";""NULL"";""50,0"";""0,016"";""0,806"";""0,843"";""0,988"";""-1,000000"";""20,4"";""17,6"";""20,0"";""2,0"";""1,6"";""1,7"";""394,2"";""227,1"";""397,0"";""227,7"";""395,0"";""230,0"";""395,3"";""228,2"";""2,2160"";""2,4289"";""2,6237"";""4,3032"";""NULL"";""NULL"";""0,0386"";""2,0199"";""2,2181"";""4,2566"";""NULL"";""2,2155"";""-1,4159"";""-1,4054"";""-0,6096""",NA
"62;1713958500;24/04/2024;13:35:00;""EM210-MODBUS-ESTANDAR--3P"";""PLANTA PRIMERA"";""PLANTA PRIMERA"";""NULL"";""3"";""COM 2"";""PLANTA PRIMERA"";""CNT"";""NULL"";""NULL"";""NULL"";""NULL"";""22825,47"";""0,00"";""NULL"";""NULL"";""NULL"";""NULL"";""NULL"";""NULL"";""NULL"";""NULL"";""NULL"";""NULL"";""NULL"";""NULL"";""NULL"";""NULL"";""NULL"";""NULL"";""NULL"";""NULL"";""NULL"";""NULL"";""NULL"";""NULL"";""NULL"";""NULL"";""77272,3000"";""0,0000"";""NULL"";""NULL"";""NULL"";""NULL"";""1179,2000"";""NULL"";""NULL"";""NULL"";""NULL""",NA
"63;1713958800;24/04/2024;13:40:00;""EM210-MODBUS-ESTANDAR--3P"";""PLANTA PRIMERA"";""PLANTA PRIMERA"";""NULL"";""3"";""COM 2"";""PLANTA PRIMERA"";""AVG"";""9,578"";""10,194"";""11,429"";""3,104"";""NULL"";""NULL"";""50,0"";""0,014"";""0,784"";""0,845"";""0,986"";""-1,000000"";""21,0"";""19,1"";""21,7"";""1,9"";""1,6"";""1,6"";""398,6"";""229,4"";""401,4"";""230,2"";""399,3"";""232,6"";""399,6"";""230,7"";""2,1937"";""2,3700"";""2,6623"";""4,1745"";""NULL"";""NULL"";""0,0309"";""1,8388"";""2,2517"";""4,1183"";""NULL"";""2,1932"";""-1,4448"";""-1,4209"";""-0,6722""",NA
"64;1713958800;24/04/2024;13:40:00;""EM210-MODBUS-ESTANDAR--3P"";""PLANTA PRIMERA"";""PLANTA PRIMERA"";""NULL"";""3"";""COM 2"";""PLANTA PRIMERA"";""CNT"";""NULL"";""NULL"";""NULL"";""NULL"";""22825,56"";""0,00"";""NULL"";""NULL"";""NULL"";""NULL"";""NULL"";""NULL"";""NULL"";""NULL"";""NULL"";""NULL"";""NULL"";""NULL"";""NULL"";""NULL"";""NULL"";""NULL"";""NULL"";""NULL"";""NULL"";""NULL"";""NULL"";""NULL"";""NULL"";""NULL"";""77272,6000"";""0,0000"";""NULL"";""NULL"";""NULL"";""NULL"";""1179,2000"";""NULL"";""NULL"";""NULL"";""NULL""",NA
"65;1713959100;24/04/2024;13:45:00;""EM210-MODBUS-ESTANDAR--3P"";""PLANTA PRIMERA"";""PLANTA PRIMERA"";""NULL"";""3"";""COM 2"";""PLANTA PRIMERA"";""AVG"";""9,172"";""11,003"";""11,941"";""4,171"";""NULL"";""NULL"";""50,0"";""0,140"";""0,793"";""0,844"";""0,981"";""-1,000000"";""22,4"";""16,5"";""20,9"";""1,8"";""1,6"";""1,5"";""404,9"";""232,9"";""407,4"";""233,8"";""405,0"";""236,0"";""405,9"";""234,2"";""2,1426"";""2,5380"";""2,8157"";""4,8166"";""NULL"";""NULL"";""0,3041"";""2,0729"";""2,3798"";""4,7317"";""NULL"";""2,1194"";""-1,5061"";""-1,5079"";""-0,8867""",NA
"66;1713959100;24/04/2024;13:45:00;""EM210-MODBUS-ESTANDAR--3P"";""PLANTA PRIMERA"";""PLANTA PRIMERA"";""NULL"";""3"";""COM 2"";""PLANTA PRIMERA"";""CNT"";""NULL"";""NULL"";""NULL"";""NULL"";""22825,63"";""0,00"";""NULL"";""NULL"";""NULL"";""NULL"";""NULL"";""NULL"";""NULL"";""NULL"";""NULL"";""NULL"";""NULL"";""NULL"";""NULL"";""NULL"";""NULL"";""NULL"";""NULL"";""NULL"";""NULL"";""NULL"";""NULL"";""NULL"";""NULL"";""NULL"";""77273,0000"";""0,0000"";""NULL"";""NULL"";""NULL"";""NULL"";""1179,2000"";""NULL"";""NULL"";""NULL"";""NULL""",NA
"67;1713959400;24/04/2024;13:50:00;""EM210-MODBUS-ESTANDAR--3P"";""PLANTA PRIMERA"";""PLANTA PRIMERA"";""NULL"";""3"";""COM 2"";""PLANTA PRIMERA"";""AVG"";""8,553"";""10,698"";""13,073"";""5,213"";""NULL"";""NULL"";""50,0"";""0,186"";""0,796"";""0,825"";""0,966"";""-1,000000"";""23,4"";""16,4"";""18,1"";""1,9"";""1,6"";""1,7"";""397,6"";""228,6"";""400,5"";""229,8"";""398,3"";""232,4"";""398,8"";""230,2"";""1,9476"";""2,4700"";""3,0377"";""5,0066"";""NULL"";""NULL"";""0,3641"";""1,9667"";""2,5057"";""4,8432"";""NULL"";""1,9124"";""-1,4647"";""-1,7151"";""-1,2629""",NA
"68;1713959400;24/04/2024;13:50:00;""EM210-MODBUS-ESTANDAR--3P"";""PLANTA PRIMERA"";""PLANTA PRIMERA"";""NULL"";""3"";""COM 2"";""PLANTA PRIMERA"";""CNT"";""NULL"";""NULL"";""NULL"";""NULL"";""22825,72"";""0,00"";""NULL"";""NULL"";""NULL"";""NULL"";""NULL"";""NULL"";""NULL"";""NULL"";""NULL"";""NULL"";""NULL"";""NULL"";""NULL"";""NULL"";""NULL"";""NULL"";""NULL"";""NULL"";""NULL"";""NULL"";""NULL"";""NULL"";""NULL"";""NULL"";""77273,4000"";""0,0000"";""NULL"";""NULL"";""NULL"";""NULL"";""1179,2000"";""NULL"";""NULL"";""NULL"";""NULL""",NA
"69;1713959700;24/04/2024;13:55:00;""EM210-MODBUS-ESTANDAR--3P"";""PLANTA PRIMERA"";""PLANTA PRIMERA"";""NULL"";""3"";""COM 2"";""PLANTA PRIMERA"";""AVG"";""9,015"";""11,815"";""13,084"";""5,295"";""NULL"";""NULL"";""50,0"";""0,180"";""0,818"";""0,820"";""0,969"";""-1,000000"";""27,3"";""20,5"";""19,7"";""2,5"";""2,3"";""2,3"";""397,0"";""228,4"";""399,8"";""229,3"";""397,8"";""231,7"";""398,1"";""229,8"";""2,0527"";""2,7084"";""3,0295"";""5,2527"";""NULL"";""NULL"";""0,3802"";""2,2241"";""2,4918"";""5,0952"";""NULL"";""2,0195"";""-1,5439"";""-1,7284"";""-1,2493""",NA
"70;1713959700;24/04/2024;13:55:00;""EM210-MODBUS-ESTANDAR--3P"";""PLANTA PRIMERA"";""PLANTA PRIMERA"";""NULL"";""3"";""COM 2"";""PLANTA PRIMERA"";""CNT"";""NULL"";""NULL"";""NULL"";""NULL"";""22825,81"";""0,00"";""NULL"";""NULL"";""NULL"";""NULL"";""NULL"";""NULL"";""NULL"";""NULL"";""NULL"";""NULL"";""NULL"";""NULL"";""NULL"";""NULL"";""NULL"";""NULL"";""NULL"";""NULL"";""NULL"";""NULL"";""NULL"";""NULL"";""NULL"";""NULL"";""77273,9000"";""0,0000"";""NULL"";""NULL"";""NULL"";""NULL"";""1179,2000"";""NULL"";""NULL"";""NULL"";""NULL""",NA
"71;1713960000;24/04/2024;14:00:00;""EM210-MODBUS-ESTANDAR--3P"";""PLANTA PRIMERA"";""PLANTA PRIMERA"";""NULL"";""3"";""COM 2"";""PLANTA PRIMERA"";""AVG"";""9,262"";""11,647"";""13,493"";""5,555"";""NULL"";""NULL"";""50,0"";""0,163"";""0,807"";""0,813"";""0,965"";""-1,000000"";""28,5"";""24,2"";""22,7"";""3,0"";""2,9"";""2,7"";""396,3"";""227,8"";""399,8"";""229,2"";""397,6"";""232,2"";""397,9"";""229,7"";""2,1276"";""2,6828"";""3,1353"";""5,2344"";""NULL"";""NULL"";""0,3407"";""2,1567"";""2,5471"";""5,0571"";""NULL"";""2,0947"";""-1,5710"";""-1,8196"";""-1,3237""",NA
"72;1713960000;24/04/2024;14:00:00;""EM210-MODBUS-ESTANDAR--3P"";""PLANTA PRIMERA"";""PLANTA PRIMERA"";""NULL"";""3"";""COM 2"";""PLANTA PRIMERA"";""CNT"";""NULL"";""NULL"";""NULL"";""NULL"";""22825,88"";""0,00"";""NULL"";""NULL"";""NULL"";""NULL"";""NULL"";""NULL"";""NULL"";""NULL"";""NULL"";""NULL"";""NULL"";""NULL"";""NULL"";""NULL"";""NULL"";""NULL"";""NULL"";""NULL"";""NULL"";""NULL"";""NULL"";""NULL"";""NULL"";""NULL"";""77274,3000"";""0,0000"";""NULL"";""NULL"";""NULL"";""NULL"";""1179,2000"";""NULL"";""NULL"";""NULL"";""NULL""",NA
"73;1713956700;24/04/2024;13:05:00;""EM210-MODBUS-ESTANDAR--3P"";""PLANTA SEGUNDA"";""PLANTA SEGUNDA"";""NULL"";""4"";""COM 2"";""PLANTA SEGUNDA"";""AVG"";""3,996"";""6,812"";""8,624"";""7,921"";""NULL"";""NULL"";""50,0"";""0,882"";""0,830"";""0,888"";""0,941"";""-1,000000"";""36,0"";""52,3"";""42,8"";""3,4"";""3,2"";""3,0"";""391,0"";""224,9"";""394,9"";""226,0"";""391,7"";""228,6"";""392,5"";""226,5"";""0,8989"";""1,5251"";""1,9745"";""4,1450"";""NULL"";""NULL"";""0,7969"";""1,3576"";""1,7814"";""3,9354"";""NULL"";""-0,2107"";""-0,2791"";""-0,3414"";""-0,8293""",NA
"74;1713956700;24/04/2024;13:05:00;""EM210-MODBUS-ESTANDAR--3P"";""PLANTA SEGUNDA"";""PLANTA SEGUNDA"";""NULL"";""4"";""COM 2"";""PLANTA SEGUNDA"";""CNT"";""NULL"";""NULL"";""NULL"";""NULL"";""22731,11"";""0,00"";""NULL"";""NULL"";""NULL"";""NULL"";""NULL"";""NULL"";""NULL"";""NULL"";""NULL"";""NULL"";""NULL"";""NULL"";""NULL"";""NULL"";""NULL"";""NULL"";""NULL"";""NULL"";""NULL"";""NULL"";""NULL"";""NULL"";""NULL"";""NULL"";""47613,9000"";""0,0000"";""NULL"";""NULL"";""NULL"";""NULL"";""768,2000"";""NULL"";""NULL"";""NULL"";""NULL""",NA
"75;1713957000;24/04/2024;13:10:00;""EM210-MODBUS-ESTANDAR--3P"";""PLANTA SEGUNDA"";""PLANTA SEGUNDA"";""NULL"";""4"";""COM 2"";""PLANTA SEGUNDA"";""AVG"";""3,734"";""3,499"";""10,239"";""9,056"";""NULL"";""NULL"";""50,0"";""0,832"";""0,685"";""0,895"";""0,941"";""-1,000000"";""41,7"";""71,5"";""43,6"";""3,8"";""3,6"";""3,3"";""395,5"";""227,3"";""399,4"";""229,3"";""396,6"";""231,1"";""397,1"";""229,2"";""0,8556"";""0,7979"";""2,3853"";""3,6134"";""NULL"";""NULL"";""0,7080"";""0,5693"";""2,1654"";""3,4438"";""NULL"";""-0,4733"";""-0,5391"";""0,4308"";""-0,5712""",NA
"76;1713957000;24/04/2024;13:10:00;""EM210-MODBUS-ESTANDAR--3P"";""PLANTA SEGUNDA"";""PLANTA SEGUNDA"";""NULL"";""4"";""COM 2"";""PLANTA SEGUNDA"";""CNT"";""NULL"";""NULL"";""NULL"";""NULL"";""22731,18"";""0,00"";""NULL"";""NULL"";""NULL"";""NULL"";""NULL"";""NULL"";""NULL"";""NULL"";""NULL"";""NULL"";""NULL"";""NULL"";""NULL"";""NULL"";""NULL"";""NULL"";""NULL"";""NULL"";""NULL"";""NULL"";""NULL"";""NULL"";""NULL"";""NULL"";""47614,2000"";""0,0000"";""NULL"";""NULL"";""NULL"";""NULL"";""768,2000"";""NULL"";""NULL"";""NULL"";""NULL""",NA
"77;1713957300;24/04/2024;13:15:00;""EM210-MODBUS-ESTANDAR--3P"";""PLANTA SEGUNDA"";""PLANTA SEGUNDA"";""NULL"";""4"";""COM 2"";""PLANTA SEGUNDA"";""AVG"";""3,641"";""3,564"";""8,184"";""7,130"";""NULL"";""NULL"";""50,0"";""0,829"";""0,690"";""0,815"";""0,886"";""-1,000000"";""39,4"";""64,7"";""41,1"";""3,3"";""3,1"";""2,9"";""404,6"";""232,6"";""408,1"";""234,1"";""405,1"";""236,5"";""405,9"";""234,3"";""0,8472"";""0,8269"";""1,9595"";""3,2827"";""NULL"";""NULL"";""0,7050"";""0,6133"";""1,6732"";""2,9892"";""NULL"";""-0,4695"";""-0,5126"";""0,2195"";""-0,7643""",NA
"78;1713957300;24/04/2024;13:15:00;""EM210-MODBUS-ESTANDAR--3P"";""PLANTA SEGUNDA"";""PLANTA SEGUNDA"";""NULL"";""4"";""COM 2"";""PLANTA SEGUNDA"";""CNT"";""NULL"";""NULL"";""NULL"";""NULL"";""22731,27"";""0,00"";""NULL"";""NULL"";""NULL"";""NULL"";""NULL"";""NULL"";""NULL"";""NULL"";""NULL"";""NULL"";""NULL"";""NULL"";""NULL"";""NULL"";""NULL"";""NULL"";""NULL"";""NULL"";""NULL"";""NULL"";""NULL"";""NULL"";""NULL"";""NULL"";""47614,5000"";""0,0000"";""NULL"";""NULL"";""NULL"";""NULL"";""768,2000"";""NULL"";""NULL"";""NULL"";""NULL""",NA
"79;1713957600;24/04/2024;13:20:00;""EM210-MODBUS-ESTANDAR--3P"";""PLANTA SEGUNDA"";""PLANTA SEGUNDA"";""NULL"";""4"";""COM 2"";""PLANTA SEGUNDA"";""AVG"";""2,537"";""2,875"";""5,711"";""4,903"";""NULL"";""NULL"";""50,0"";""0,725"";""0,688"";""0,757"";""0,747"";""-1,000000"";""47,4"";""61,0"";""45,9"";""2,0"";""1,7"";""1,8"";""395,8"";""227,8"";""399,0"";""228,2"";""395,8"";""231,1"";""396,9"";""229,0"";""0,5790"";""0,6543"";""1,3206"";""2,5284"";""NULL"";""NULL"";""0,4200"";""0,4535"";""1,0467"";""1,9194"";""NULL"";""-0,3973"";""-0,4744"";""-0,7411"";""-1,6135""",NA
"80;1713957600;24/04/2024;13:20:00;""EM210-MODBUS-ESTANDAR--3P"";""PLANTA SEGUNDA"";""PLANTA SEGUNDA"";""NULL"";""4"";""COM 2"";""PLANTA SEGUNDA"";""CNT"";""NULL"";""NULL"";""NULL"";""NULL"";""22731,36"";""0,00"";""NULL"";""NULL"";""NULL"";""NULL"";""NULL"";""NULL"";""NULL"";""NULL"";""NULL"";""NULL"";""NULL"";""NULL"";""NULL"";""NULL"";""NULL"";""NULL"";""NULL"";""NULL"";""NULL"";""NULL"";""NULL"";""NULL"";""NULL"";""NULL"";""47614,6000"";""0,0000"";""NULL"";""NULL"";""NULL"";""NULL"";""768,2000"";""NULL"";""NULL"";""NULL"";""NULL""",NA
"81;1713957900;24/04/2024;13:25:00;""EM210-MODBUS-ESTANDAR--3P"";""PLANTA SEGUNDA"";""PLANTA SEGUNDA"";""NULL"";""4"";""COM 2"";""PLANTA SEGUNDA"";""AVG"";""2,813"";""3,806"";""8,008"";""7,853"";""NULL"";""NULL"";""50,0"";""0,852"";""0,735"";""0,924"";""0,966"";""-1,000000"";""41,8"";""58,5"";""29,2"";""1,9"";""1,6"";""1,7"";""395,3"";""227,7"";""398,6"";""228,3"";""395,5"";""230,4"";""396,4"";""228,8"";""0,6417"";""0,8682"";""1,8315"";""3,0221"";""NULL"";""NULL"";""0,5538"";""0,6710"";""1,7153"";""2,9381"";""NULL"";""0,0191"";""-0,5304"";""0,5125"";""0,0132""",NA
"82;1713957900;24/04/2024;13:25:00;""EM210-MODBUS-ESTANDAR--3P"";""PLANTA SEGUNDA"";""PLANTA SEGUNDA"";""NULL"";""4"";""COM 2"";""PLANTA SEGUNDA"";""CNT"";""NULL"";""NULL"";""NULL"";""NULL"";""22731,45"";""0,00"";""NULL"";""NULL"";""NULL"";""NULL"";""NULL"";""NULL"";""NULL"";""NULL"";""NULL"";""NULL"";""NULL"";""NULL"";""NULL"";""NULL"";""NULL"";""NULL"";""NULL"";""NULL"";""NULL"";""NULL"";""NULL"";""NULL"";""NULL"";""NULL"";""47614,9000"";""0,0000"";""NULL"";""NULL"";""NULL"";""NULL"";""768,2000"";""NULL"";""NULL"";""NULL"";""NULL""",NA
"83;1713958200;24/04/2024;13:30:00;""EM210-MODBUS-ESTANDAR--3P"";""PLANTA SEGUNDA"";""PLANTA SEGUNDA"";""NULL"";""4"";""COM 2"";""PLANTA SEGUNDA"";""AVG"";""2,531"";""3,018"";""5,626"";""4,889"";""NULL"";""NULL"";""50,0"";""0,741"";""0,693"";""0,772"";""0,806"";""-1,000000"";""47,0"";""61,1"";""36,8"";""1,9"";""1,6"";""1,6"";""399,3"";""229,8"";""402,7"";""231,0"";""399,8"";""233,1"";""400,6"";""231,2"";""0,5796"";""0,6975"";""1,2934"";""2,4351"";""NULL"";""NULL"";""0,4347"";""0,4839"";""1,0906"";""2,0092"";""NULL"";""-0,3064"";""-0,5021"";""-0,2642"";""-1,0670""",NA
"84;1713958200;24/04/2024;13:30:00;""EM210-MODBUS-ESTANDAR--3P"";""PLANTA SEGUNDA"";""PLANTA SEGUNDA"";""NULL"";""4"";""COM 2"";""PLANTA SEGUNDA"";""CNT"";""NULL"";""NULL"";""NULL"";""NULL"";""22731,52"";""0,00"";""NULL"";""NULL"";""NULL"";""NULL"";""NULL"";""NULL"";""NULL"";""NULL"";""NULL"";""NULL"";""NULL"";""NULL"";""NULL"";""NULL"";""NULL"";""NULL"";""NULL"";""NULL"";""NULL"";""NULL"";""NULL"";""NULL"";""NULL"";""NULL"";""47615,0000"";""0,0000"";""NULL"";""NULL"";""NULL"";""NULL"";""768,2000"";""NULL"";""NULL"";""NULL"";""NULL""",NA
"85;1713958500;24/04/2024;13:35:00;""EM210-MODBUS-ESTANDAR--3P"";""PLANTA SEGUNDA"";""PLANTA SEGUNDA"";""NULL"";""4"";""COM 2"";""PLANTA SEGUNDA"";""AVG"";""2,470"";""3,184"";""4,752"";""4,427"";""NULL"";""NULL"";""50,0"";""0,710"";""0,700"";""0,852"";""0,815"";""-1,000000"";""49,3"";""60,8"";""36,1"";""2,0"";""1,7"";""1,7"";""394,0"";""227,0"";""397,2"";""227,6"";""394,5"";""229,8"";""395,3"";""228,1"";""0,5564"";""0,7188"";""1,1021"";""2,2733"";""NULL"";""NULL"";""0,4005"";""0,5177"";""0,9556"";""1,8698"";""NULL"";""-0,3819"";""-0,4986"";""-0,3158"";""-1,2061""",NA
"86;1713958500;24/04/2024;13:35:00;""EM210-MODBUS-ESTANDAR--3P"";""PLANTA SEGUNDA"";""PLANTA SEGUNDA"";""NULL"";""4"";""COM 2"";""PLANTA SEGUNDA"";""CNT"";""NULL"";""NULL"";""NULL"";""NULL"";""22731,61"";""0,00"";""NULL"";""NULL"";""NULL"";""NULL"";""NULL"";""NULL"";""NULL"";""NULL"";""NULL"";""NULL"";""NULL"";""NULL"";""NULL"";""NULL"";""NULL"";""NULL"";""NULL"";""NULL"";""NULL"";""NULL"";""NULL"";""NULL"";""NULL"";""NULL"";""47615,2000"";""0,0000"";""NULL"";""NULL"";""NULL"";""NULL"";""768,2000"";""NULL"";""NULL"";""NULL"";""NULL""",NA
"87;1713958800;24/04/2024;13:40:00;""EM210-MODBUS-ESTANDAR--3P"";""PLANTA SEGUNDA"";""PLANTA SEGUNDA"";""NULL"";""4"";""COM 2"";""PLANTA SEGUNDA"";""AVG"";""3,192"";""2,976"";""5,305"";""5,041"";""NULL"";""NULL"";""50,0"";""0,757"";""0,690"";""0,939"";""0,944"";""-1,000000"";""44,5"";""61,3"";""33,7"";""2,0"";""1,6"";""1,6"";""398,4"";""229,3"";""401,8"";""230,1"";""399,1"";""232,5"";""399,7"";""230,6"";""0,7315"";""0,6862"";""1,2310"";""2,3503"";""NULL"";""NULL"";""0,5783"";""0,4735"";""1,1691"";""2,2227"";""NULL"";""-0,4194"";""-0,4957"";""0,2043"";""-0,7147""",NA
"88;1713958800;24/04/2024;13:40:00;""EM210-MODBUS-ESTANDAR--3P"";""PLANTA SEGUNDA"";""PLANTA SEGUNDA"";""NULL"";""4"";""COM 2"";""PLANTA SEGUNDA"";""CNT"";""NULL"";""NULL"";""NULL"";""NULL"";""22731,70"";""0,00"";""NULL"";""NULL"";""NULL"";""NULL"";""NULL"";""NULL"";""NULL"";""NULL"";""NULL"";""NULL"";""NULL"";""NULL"";""NULL"";""NULL"";""NULL"";""NULL"";""NULL"";""NULL"";""NULL"";""NULL"";""NULL"";""NULL"";""NULL"";""NULL"";""47615,4000"";""0,0000"";""NULL"";""NULL"";""NULL"";""NULL"";""768,2000"";""NULL"";""NULL"";""NULL"";""NULL""",NA
"89;1713959100;24/04/2024;13:45:00;""EM210-MODBUS-ESTANDAR--3P"";""PLANTA SEGUNDA"";""PLANTA SEGUNDA"";""NULL"";""4"";""COM 2"";""PLANTA SEGUNDA"";""AVG"";""2,730"";""2,954"";""5,581"";""5,005"";""NULL"";""NULL"";""50,0"";""0,745"";""0,684"";""0,910"";""0,926"";""-1,000000"";""43,0"";""60,9"";""32,3"";""1,8"";""1,6"";""1,5"";""404,8"";""232,8"";""407,7"";""233,7"";""404,5"";""235,9"";""405,6"";""234,1"";""0,6336"";""0,6904"";""1,3029"";""2,3452"";""NULL"";""NULL"";""0,4746"";""0,4732"";""1,2223"";""2,1703"";""NULL"";""-0,4214"";""-0,5022"";""0,1468"";""-0,7770""",NA
"90;1713959100;24/04/2024;13:45:00;""EM210-MODBUS-ESTANDAR--3P"";""PLANTA SEGUNDA"";""PLANTA SEGUNDA"";""NULL"";""4"";""COM 2"";""PLANTA SEGUNDA"";""CNT"";""NULL"";""NULL"";""NULL"";""NULL"";""22731,77"";""0,00"";""NULL"";""NULL"";""NULL"";""NULL"";""NULL"";""NULL"";""NULL"";""NULL"";""NULL"";""NULL"";""NULL"";""NULL"";""NULL"";""NULL"";""NULL"";""NULL"";""NULL"";""NULL"";""NULL"";""NULL"";""NULL"";""NULL"";""NULL"";""NULL"";""47615,6000"";""0,0000"";""NULL"";""NULL"";""NULL"";""NULL"";""768,2000"";""NULL"";""NULL"";""NULL"";""NULL""",NA
"91;1713959400;24/04/2024;13:50:00;""EM210-MODBUS-ESTANDAR--3P"";""PLANTA SEGUNDA"";""PLANTA SEGUNDA"";""NULL"";""4"";""COM 2"";""PLANTA SEGUNDA"";""AVG"";""3,202"";""3,025"";""5,062"";""4,803"";""NULL"";""NULL"";""50,0"";""0,906"";""0,687"";""0,872"";""0,949"";""-1,000000"";""36,6"";""62,6"";""37,6"";""1,9"";""1,6"";""1,7"";""397,7"";""228,5"";""400,7"";""229,6"";""397,7"";""232,4"";""398,7"";""230,2"";""0,7361"";""0,6962"";""1,1704"";""2,3087"";""NULL"";""NULL"";""0,6693"";""0,4774"";""1,0478"";""2,2007"";""NULL"";""0,1353"";""-0,5055"";""-0,2402"";""-0,6211""",NA
"92;1713959400;24/04/2024;13:50:00;""EM210-MODBUS-ESTANDAR--3P"";""PLANTA SEGUNDA"";""PLANTA SEGUNDA"";""NULL"";""4"";""COM 2"";""PLANTA SEGUNDA"";""CNT"";""NULL"";""NULL"";""NULL"";""NULL"";""22731,86"";""0,00"";""NULL"";""NULL"";""NULL"";""NULL"";""NULL"";""NULL"";""NULL"";""NULL"";""NULL"";""NULL"";""NULL"";""NULL"";""NULL"";""NULL"";""NULL"";""NULL"";""NULL"";""NULL"";""NULL"";""NULL"";""NULL"";""NULL"";""NULL"";""NULL"";""47615,7000"";""0,0000"";""NULL"";""NULL"";""NULL"";""NULL"";""768,2000"";""NULL"";""NULL"";""NULL"";""NULL""",NA
"93;1713959700;24/04/2024;13:55:00;""EM210-MODBUS-ESTANDAR--3P"";""PLANTA SEGUNDA"";""PLANTA SEGUNDA"";""NULL"";""4"";""COM 2"";""PLANTA SEGUNDA"";""AVG"";""2,939"";""3,086"";""7,694"";""7,143"";""NULL"";""NULL"";""50,0"";""0,756"";""0,672"";""0,907"";""0,991"";""-1,000000"";""45,4"";""68,2"";""25,9"";""2,5"";""2,3"";""2,3"";""396,7"";""228,5"";""400,0"";""229,3"";""397,5"";""231,7"";""397,9"";""229,8"";""0,6699"";""0,7052"";""1,7656"";""2,6256"";""NULL"";""NULL"";""0,5079"";""0,4774"";""1,6230"";""2,6083"";""NULL"";""-0,4361"";""-0,5203"";""0,7257"";""-0,2413""",NA
"94;1713959700;24/04/2024;13:55:00;""EM210-MODBUS-ESTANDAR--3P"";""PLANTA SEGUNDA"";""PLANTA SEGUNDA"";""NULL"";""4"";""COM 2"";""PLANTA SEGUNDA"";""CNT"";""NULL"";""NULL"";""NULL"";""NULL"";""22731,95"";""0,00"";""NULL"";""NULL"";""NULL"";""NULL"";""NULL"";""NULL"";""NULL"";""NULL"";""NULL"";""NULL"";""NULL"";""NULL"";""NULL"";""NULL"";""NULL"";""NULL"";""NULL"";""NULL"";""NULL"";""NULL"";""NULL"";""NULL"";""NULL"";""NULL"";""47616,0000"";""0,0000"";""NULL"";""NULL"";""NULL"";""NULL"";""768,2000"";""NULL"";""NULL"";""NULL"";""NULL""",NA
"95;1713960000;24/04/2024;14:00:00;""EM210-MODBUS-ESTANDAR--3P"";""PLANTA SEGUNDA"";""PLANTA SEGUNDA"";""NULL"";""4"";""COM 2"";""PLANTA SEGUNDA"";""AVG"";""3,525"";""4,468"";""4,796"";""4,707"";""NULL"";""NULL"";""50,0"";""0,802"";""0,773"";""0,848"";""0,828"";""-1,000000"";""44,0"";""60,9"";""42,6"";""3,0"";""2,8"";""2,8"";""396,9"";""227,7"";""400,4"";""229,1"";""396,8"";""232,1"";""397,8"";""229,6"";""0,8012"";""1,0213"";""1,1033"";""2,8839"";""NULL"";""NULL"";""0,6455"";""0,7919"";""0,9633"";""2,4003"";""NULL"";""-0,4764"";""-0,6473"";""-0,4267"";""-1,5446""",NA
"96;1713960000;24/04/2024;14:00:00;""EM210-MODBUS-ESTANDAR--3P"";""PLANTA SEGUNDA"";""PLANTA SEGUNDA"";""NULL"";""4"";""COM 2"";""PLANTA SEGUNDA"";""CNT"";""NULL"";""NULL"";""NULL"";""NULL"";""22732,02"";""0,00"";""NULL"";""NULL"";""NULL"";""NULL"";""NULL"";""NULL"";""NULL"";""NULL"";""NULL"";""NULL"";""NULL"";""NULL"";""NULL"";""NULL"";""NULL"";""NULL"";""NULL"";""NULL"";""NULL"";""NULL"";""NULL"";""NULL"";""NULL"";""NULL"";""47616,2000"";""0,0000"";""NULL"";""NULL"";""NULL"";""NULL"";""768,2000"";""NULL"";""NULL"";""NULL"";""NULL""",NA
"97;1713956700;24/04/2024;13:05:00;""EM210-MODBUS-ESTANDAR--3P"";""CUADRO CLIMA"";""CUADRO CLIMA"";""NULL"";""5"";""COM 1"";""CUADRO CLIMA"";""AVG"";""15,822"";""20,708"";""18,392"";""8,336"";""NULL"";""NULL"";""50,0"";""0,944"";""0,946"";""0,957"";""0,993"";""0,000000"";""33,6"";""28,3"";""27,2"";""3,0"";""3,2"";""3,4"";""394,9"";""228,9"";""390,9"";""226,6"";""392,7"";""225,4"";""392,8"";""227,0"";""3,6240"";""4,6952"";""4,1464"";""11,9203"";""NULL"";""NULL"";""3,4239"";""4,4441"";""3,9728"";""11,8440"";""NULL"";""0,5498"";""1,5077"";""-1,1914"";""0,8627""",NA
"98;1713956700;24/04/2024;13:05:00;""EM210-MODBUS-ESTANDAR--3P"";""CUADRO CLIMA"";""CUADRO CLIMA"";""NULL"";""5"";""COM 1"";""CUADRO CLIMA"";""CNT"";""NULL"";""NULL"";""NULL"";""NULL"";""22762,31"";""0,00"";""NULL"";""NULL"";""NULL"";""NULL"";""NULL"";""NULL"";""NULL"";""NULL"";""NULL"";""NULL"";""NULL"";""NULL"";""NULL"";""NULL"";""NULL"";""NULL"";""NULL"";""NULL"";""NULL"";""NULL"";""NULL"";""NULL"";""NULL"";""NULL"";""284105,4000"";""0,0000"";""NULL"";""NULL"";""NULL"";""NULL"";""57524,3000"";""NULL"";""NULL"";""NULL"";""NULL""",NA
"99;1713957000;24/04/2024;13:10:00;""EM210-MODBUS-ESTANDAR--3P"";""CUADRO CLIMA"";""CUADRO CLIMA"";""NULL"";""5"";""COM 1"";""CUADRO CLIMA"";""AVG"";""15,825"";""19,231"";""18,776"";""7,130"";""NULL"";""NULL"";""50,0"";""0,944"";""0,946"";""0,959"";""0,993"";""0,000000"";""33,5"";""29,5"";""26,4"";""3,3"";""3,6"";""3,8"";""399,3"";""231,4"";""395,4"";""229,8"";""397,6"";""227,8"";""397,4"";""229,6"";""3,6627"";""4,4197"";""4,2781"";""11,8225"";""NULL"";""NULL"";""3,4616"";""4,1868"";""4,1077"";""11,7543"";""NULL"";""0,2518"";""1,4185"";""-1,1983"";""0,4705""",NA
"100;1713957000;24/04/2024;13:10:00;""EM210-MODBUS-ESTANDAR--3P"";""CUADRO CLIMA"";""CUADRO CLIMA"";""NULL"";""5"";""COM 1"";""CUADRO CLIMA"";""CNT"";""NULL"";""NULL"";""NULL"";""NULL"";""22762,38"";""0,00"";""NULL"";""NULL"";""NULL"";""NULL"";""NULL"";""NULL"";""NULL"";""NULL"";""NULL"";""NULL"";""NULL"";""NULL"";""NULL"";""NULL"";""NULL"";""NULL"";""NULL"";""NULL"";""NULL"";""NULL"";""NULL"";""NULL"";""NULL"";""NULL"";""284106,4000"";""0,0000"";""NULL"";""NULL"";""NULL"";""NULL"";""57524,3000"";""NULL"";""NULL"";""NULL"";""NULL""",NA
"101;1713957300;24/04/2024;13:15:00;""EM210-MODBUS-ESTANDAR--3P"";""CUADRO CLIMA"";""CUADRO CLIMA"";""NULL"";""5"";""COM 1"";""CUADRO CLIMA"";""AVG"";""16,408"";""19,791"";""19,210"";""7,220"";""NULL"";""NULL"";""50,0"";""0,943"";""0,942"";""0,958"";""0,992"";""0,000000"";""33,9"";""30,8"";""26,9"";""2,9"";""3,2"";""3,2"";""408,1"";""236,6"";""404,4"";""234,6"";""406,0"";""233,1"";""406,1"";""234,7"";""3,8850"";""4,6433"";""4,4788"";""12,4281"";""NULL"";""NULL"";""3,6640"";""4,3808"";""4,2940"";""12,3405"";""NULL"";""0,8454"";""1,5404"";""-1,2733"";""1,0887""",NA
"102;1713957300;24/04/2024;13:15:00;""EM210-MODBUS-ESTANDAR--3P"";""CUADRO CLIMA"";""CUADRO CLIMA"";""NULL"";""5"";""COM 1"";""CUADRO CLIMA"";""CNT"";""NULL"";""NULL"";""NULL"";""NULL"";""22762,47"";""0,00"";""NULL"";""NULL"";""NULL"";""NULL"";""NULL"";""NULL"";""NULL"";""NULL"";""NULL"";""NULL"";""NULL"";""NULL"";""NULL"";""NULL"";""NULL"";""NULL"";""NULL"";""NULL"";""NULL"";""NULL"";""NULL"";""NULL"";""NULL"";""NULL"";""284107,4000"";""0,0000"";""NULL"";""NULL"";""NULL"";""NULL"";""57524,4000"";""NULL"";""NULL"";""NULL"";""NULL""",NA
"103;1713957600;24/04/2024;13:20:00;""EM210-MODBUS-ESTANDAR--3P"";""CUADRO CLIMA"";""CUADRO CLIMA"";""NULL"";""5"";""COM 1"";""CUADRO CLIMA"";""AVG"";""16,183"";""20,148"";""18,360"";""7,111"";""NULL"";""NULL"";""50,0"";""0,933"";""0,934"";""0,954"";""0,989"";""0,000000"";""37,7"";""33,6"";""30,1"";""1,8"";""1,7"";""2,0"";""398,9"";""231,3"";""395,3"";""228,8"";""396,9"";""228,2"";""397,0"";""229,4"";""3,7436"";""4,6090"";""4,1913"";""11,9230"";""NULL"";""NULL"";""3,4963"";""4,3139"";""4,0013"";""11,8098"";""NULL"";""0,8592"";""1,6275"";""-1,2236"";""1,2643""",NA
"104;1713957600;24/04/2024;13:20:00;""EM210-MODBUS-ESTANDAR--3P"";""CUADRO CLIMA"";""CUADRO CLIMA"";""NULL"";""5"";""COM 1"";""CUADRO CLIMA"";""CNT"";""NULL"";""NULL"";""NULL"";""NULL"";""22762,56"";""0,00"";""NULL"";""NULL"";""NULL"";""NULL"";""NULL"";""NULL"";""NULL"";""NULL"";""NULL"";""NULL"";""NULL"";""NULL"";""NULL"";""NULL"";""NULL"";""NULL"";""NULL"";""NULL"";""NULL"";""NULL"";""NULL"";""NULL"";""NULL"";""NULL"";""284108,4000"";""0,0000"";""NULL"";""NULL"";""NULL"";""NULL"";""57524,5000"";""NULL"";""NULL"";""NULL"";""NULL""",NA
"105;1713957900;24/04/2024;13:25:00;""EM210-MODBUS-ESTANDAR--3P"";""CUADRO CLIMA"";""CUADRO CLIMA"";""NULL"";""5"";""COM 1"";""CUADRO CLIMA"";""AVG"";""16,084"";""20,247"";""18,262"";""7,095"";""NULL"";""NULL"";""50,0"";""0,933"";""0,936"";""0,954"";""0,991"";""0,000000"";""37,5"";""33,0"";""30,3"";""1,7"";""1,6"";""1,9"";""398,4"";""230,6"";""395,3"";""228,9"";""396,4"";""228,1"";""396,6"";""229,2"";""3,7100"";""4,6332"";""4,1664"";""11,8838"";""NULL"";""NULL"";""3,4655"";""4,3440"";""3,9801"";""11,7887"";""NULL"";""0,4230"";""1,6125"";""-1,1962"";""0,8142""",NA
"106;1713957900;24/04/2024;13:25:00;""EM210-MODBUS-ESTANDAR--3P"";""CUADRO CLIMA"";""CUADRO CLIMA"";""NULL"";""5"";""COM 1"";""CUADRO CLIMA"";""CNT"";""NULL"";""NULL"";""NULL"";""NULL"";""22762,63"";""0,00"";""NULL"";""NULL"";""NULL"";""NULL"";""NULL"";""NULL"";""NULL"";""NULL"";""NULL"";""NULL"";""NULL"";""NULL"";""NULL"";""NULL"";""NULL"";""NULL"";""NULL"";""NULL"";""NULL"";""NULL"";""NULL"";""NULL"";""NULL"";""NULL"";""284109,4000"";""0,0000"";""NULL"";""NULL"";""NULL"";""NULL"";""57524,6000"";""NULL"";""NULL"";""NULL"";""NULL""",NA
"107;1713958200;24/04/2024;13:30:00;""EM210-MODBUS-ESTANDAR--3P"";""CUADRO CLIMA"";""CUADRO CLIMA"";""NULL"";""5"";""COM 1"";""CUADRO CLIMA"";""AVG"";""16,375"";""20,441"";""18,505"";""7,149"";""NULL"";""NULL"";""50,0"";""0,934"";""0,934"";""0,953"";""0,990"";""0,000000"";""37,5"";""33,4"";""30,4"";""1,6"";""1,6"";""1,9"";""403,0"";""233,4"";""399,4"";""231,5"";""400,9"";""230,3"";""401,1"";""231,7"";""3,8245"";""4,7311"";""4,2604"";""12,1727"";""NULL"";""NULL"";""3,5731"";""4,4275"";""4,0677"";""12,0691"";""NULL"";""0,6334"";""1,6731"";""-1,2652"";""1,0053""",NA
"108;1713958200;24/04/2024;13:30:00;""EM210-MODBUS-ESTANDAR--3P"";""CUADRO CLIMA"";""CUADRO CLIMA"";""NULL"";""5"";""COM 1"";""CUADRO CLIMA"";""CNT"";""NULL"";""NULL"";""NULL"";""NULL"";""22762,72"";""0,00"";""NULL"";""NULL"";""NULL"";""NULL"";""NULL"";""NULL"";""NULL"";""NULL"";""NULL"";""NULL"";""NULL"";""NULL"";""NULL"";""NULL"";""NULL"";""NULL"";""NULL"";""NULL"";""NULL"";""NULL"";""NULL"";""NULL"";""NULL"";""NULL"";""284110,4000"";""0,0000"";""NULL"";""NULL"";""NULL"";""NULL"";""57524,7000"";""NULL"";""NULL"";""NULL"";""NULL""",NA
"109;1713958500;24/04/2024;13:35:00;""EM210-MODBUS-ESTANDAR--3P"";""CUADRO CLIMA"";""CUADRO CLIMA"";""NULL"";""5"";""COM 1"";""CUADRO CLIMA"";""AVG"";""16,028"";""20,095"";""18,260"";""7,121"";""NULL"";""NULL"";""50,0"";""0,934"";""0,936"";""0,954"";""0,991"";""0,000000"";""37,6"";""33,3"";""30,2"";""1,7"";""1,7"";""2,0"";""397,4"";""230,1"";""394,2"";""228,1"";""395,4"";""227,5"";""395,6"";""228,5"";""3,6888"";""4,5839"";""4,1551"";""11,8074"";""NULL"";""NULL"";""3,4481"";""4,2962"";""3,9675"";""11,7112"";""NULL"";""0,5467"";""1,6026"";""-1,1984"";""0,9377""",NA
"110;1713958500;24/04/2024;13:35:00;""EM210-MODBUS-ESTANDAR--3P"";""CUADRO CLIMA"";""CUADRO CLIMA"";""NULL"";""5"";""COM 1"";""CUADRO CLIMA"";""CNT"";""NULL"";""NULL"";""NULL"";""NULL"";""22762,81"";""0,00"";""NULL"";""NULL"";""NULL"";""NULL"";""NULL"";""NULL"";""NULL"";""NULL"";""NULL"";""NULL"";""NULL"";""NULL"";""NULL"";""NULL"";""NULL"";""NULL"";""NULL"";""NULL"";""NULL"";""NULL"";""NULL"";""NULL"";""NULL"";""NULL"";""284111,3000"";""0,0000"";""NULL"";""NULL"";""NULL"";""NULL"";""57524,8000"";""NULL"";""NULL"";""NULL"";""NULL""",NA
"111;1713958800;24/04/2024;13:40:00;""EM210-MODBUS-ESTANDAR--3P"";""CUADRO CLIMA"";""CUADRO CLIMA"";""NULL"";""5"";""COM 1"";""CUADRO CLIMA"";""AVG"";""16,230"";""20,450"";""18,405"";""7,131"";""NULL"";""NULL"";""50,0"";""0,934"";""0,936"";""0,953"";""0,992"";""0,000000"";""37,3"";""33,0"";""30,6"";""1,6"";""1,6"";""2,0"";""401,6"";""232,8"";""398,4"";""230,6"";""399,8"";""229,9"";""399,9"";""231,1"";""3,7801"";""4,7176"";""4,2325"";""12,0744"";""NULL"";""NULL"";""3,5352"";""4,4195"";""4,0381"";""11,9906"";""NULL"";""-0,1281"";""1,6500"";""-1,2233"";""0,2990""",NA
"112;1713958800;24/04/2024;13:40:00;""EM210-MODBUS-ESTANDAR--3P"";""CUADRO CLIMA"";""CUADRO CLIMA"";""NULL"";""5"";""COM 1"";""CUADRO CLIMA"";""CNT"";""NULL"";""NULL"";""NULL"";""NULL"";""22762,88"";""0,00"";""NULL"";""NULL"";""NULL"";""NULL"";""NULL"";""NULL"";""NULL"";""NULL"";""NULL"";""NULL"";""NULL"";""NULL"";""NULL"";""NULL"";""NULL"";""NULL"";""NULL"";""NULL"";""NULL"";""NULL"";""NULL"";""NULL"";""NULL"";""NULL"";""284112,3000"";""0,0000"";""NULL"";""NULL"";""NULL"";""NULL"";""57524,9000"";""NULL"";""NULL"";""NULL"";""NULL""",NA
"113;1713959100;24/04/2024;13:45:00;""EM210-MODBUS-ESTANDAR--3P"";""CUADRO CLIMA"";""CUADRO CLIMA"";""NULL"";""5"";""COM 1"";""CUADRO CLIMA"";""AVG"";""16,547"";""20,866"";""18,644"";""7,232"";""NULL"";""NULL"";""50,0"";""0,934"";""0,936"";""0,953"";""0,993"";""0,000000"";""37,1"";""32,9"";""30,7"";""1,5"";""1,6"";""1,8"";""407,8"";""236,2"";""404,9"";""234,3"";""405,4"";""233,3"";""406,1"";""234,6"";""3,9091"";""4,8890"";""4,3509"";""12,4604"";""NULL"";""NULL"";""3,6574"";""4,5805"";""4,1491"";""12,3870"";""NULL"";""-0,2863"";""1,7085"";""-1,2606"";""0,1211""",NA
"114;1713959100;24/04/2024;13:45:00;""EM210-MODBUS-ESTANDAR--3P"";""CUADRO CLIMA"";""CUADRO CLIMA"";""NULL"";""5"";""COM 1"";""CUADRO CLIMA"";""CNT"";""NULL"";""NULL"";""NULL"";""NULL"";""22762,97"";""0,00"";""NULL"";""NULL"";""NULL"";""NULL"";""NULL"";""NULL"";""NULL"";""NULL"";""NULL"";""NULL"";""NULL"";""NULL"";""NULL"";""NULL"";""NULL"";""NULL"";""NULL"";""NULL"";""NULL"";""NULL"";""NULL"";""NULL"";""NULL"";""NULL"";""284113,4000"";""0,0000"";""NULL"";""NULL"";""NULL"";""NULL"";""57525,0000"";""NULL"";""NULL"";""NULL"";""NULL""",NA
"115;1713959400;24/04/2024;13:50:00;""EM210-MODBUS-ESTANDAR--3P"";""CUADRO CLIMA"";""CUADRO CLIMA"";""NULL"";""5"";""COM 1"";""CUADRO CLIMA"";""AVG"";""16,124"";""20,160"";""18,521"";""7,147"";""NULL"";""NULL"";""50,0"";""0,936"";""0,938"";""0,954"";""0,991"";""0,000000"";""36,8"";""32,4"";""29,7"";""1,7"";""1,6"";""1,9"";""400,9"";""232,6"";""397,6"";""230,2"";""398,9"";""228,9"";""399,1"";""230,5"";""3,7481"";""4,6429"";""4,2424"";""12,0184"";""NULL"";""NULL"";""3,5139"";""4,3559"";""4,0516"";""11,9216"";""NULL"";""0,4907"";""1,5987"";""-1,2287"";""0,8129""",NA
"116;1713959400;24/04/2024;13:50:00;""EM210-MODBUS-ESTANDAR--3P"";""CUADRO CLIMA"";""CUADRO CLIMA"";""NULL"";""5"";""COM 1"";""CUADRO CLIMA"";""CNT"";""NULL"";""NULL"";""NULL"";""NULL"";""22763,06"";""0,00"";""NULL"";""NULL"";""NULL"";""NULL"";""NULL"";""NULL"";""NULL"";""NULL"";""NULL"";""NULL"";""NULL"";""NULL"";""NULL"";""NULL"";""NULL"";""NULL"";""NULL"";""NULL"";""NULL"";""NULL"";""NULL"";""NULL"";""NULL"";""NULL"";""284114,4000"";""0,0000"";""NULL"";""NULL"";""NULL"";""NULL"";""57525,1000"";""NULL"";""NULL"";""NULL"";""NULL""",NA
"117;1713959700;24/04/2024;13:55:00;""EM210-MODBUS-ESTANDAR--3P"";""CUADRO CLIMA"";""CUADRO CLIMA"";""NULL"";""5"";""COM 1"";""CUADRO CLIMA"";""AVG"";""15,950"";""19,886"";""18,452"";""7,176"";""NULL"";""NULL"";""50,0"";""0,942"";""0,943"";""0,958"";""0,994"";""0,000000"";""34,6"";""30,5"";""28,0"";""2,3"";""2,3"";""2,5"";""400,2"";""231,9"";""396,9"";""229,8"";""398,4"";""228,9"";""398,4"";""230,2"";""3,6977"";""4,5713"";""4,2253"";""11,9121"";""NULL"";""NULL"";""3,4897"";""4,3178"";""4,0513"";""11,8558"";""NULL"";""-0,3491"";""1,5043"";""-1,1955"";""-0,0896""",NA
"118;1713959700;24/04/2024;13:55:00;""EM210-MODBUS-ESTANDAR--3P"";""CUADRO CLIMA"";""CUADRO CLIMA"";""NULL"";""5"";""COM 1"";""CUADRO CLIMA"";""CNT"";""NULL"";""NULL"";""NULL"";""NULL"";""22763,13"";""0,00"";""NULL"";""NULL"";""NULL"";""NULL"";""NULL"";""NULL"";""NULL"";""NULL"";""NULL"";""NULL"";""NULL"";""NULL"";""NULL"";""NULL"";""NULL"";""NULL"";""NULL"";""NULL"";""NULL"";""NULL"";""NULL"";""NULL"";""NULL"";""NULL"";""284115,4000"";""0,0000"";""NULL"";""NULL"";""NULL"";""NULL"";""57525,1000"";""NULL"";""NULL"";""NULL"";""NULL""",NA
"119;1713960000;24/04/2024;14:00:00;""EM210-MODBUS-ESTANDAR--3P"";""CUADRO CLIMA"";""CUADRO CLIMA"";""NULL"";""5"";""COM 1"";""CUADRO CLIMA"";""AVG"";""16,007"";""19,434"";""18,646"";""7,086"";""NULL"";""NULL"";""50,0"";""0,947"";""0,943"";""0,958"";""0,993"";""0,000000"";""32,9"";""30,4"";""26,8"";""2,7"";""2,9"";""3,0"";""400,2"";""232,3"";""396,6"";""229,7"";""397,9"";""228,2"";""398,2"";""230,0"";""3,7180"";""4,4646"";""4,2570"";""11,8882"";""NULL"";""NULL"";""3,5261"";""4,2146"";""4,0828"";""11,8208"";""NULL"";""0,1687"";""1,4749"";""-1,2045"";""0,4637""",NA
"120;1713960000;24/04/2024;14:00:00;""EM210-MODBUS-ESTANDAR--3P"";""CUADRO CLIMA"";""CUADRO CLIMA"";""NULL"";""5"";""COM 1"";""CUADRO CLIMA"";""CNT"";""NULL"";""NULL"";""NULL"";""NULL"";""22763,22"";""0,00"";""NULL"";""NULL"";""NULL"";""NULL"";""NULL"";""NULL"";""NULL"";""NULL"";""NULL"";""NULL"";""NULL"";""NULL"";""NULL"";""NULL"";""NULL"";""NULL"";""NULL"";""NULL"";""NULL"";""NULL"";""NULL"";""NULL"";""NULL"";""NULL"";""284116,3000"";""0,0000"";""NULL"";""NULL"";""NULL"";""NULL"";""57525,2000"";""NULL"";""NULL"";""NULL"";""NULL""",NA
